minikey,valid,reason,priv_hex,wif_uncompressed,wif_compressed,addr_p2pkh_uncompressed,addr_p2pkh_compressed,addr_p2sh_p2wpkh,addr_bech32_p2wpkh
SAVmncVZkN9AuKgjeyo1iK,True,OK,2bc5e30261c2beaf30499c2e160519f709a8d0b5645bd842a9e1220ef79d7c11,5J9ZhnEyyaa1uhvXK3AZPesnkk67jzEE44VxomnsixMyXRUcrgu,KxgoLzgiUjAj1ddEncZBxzBAx5BakjbNcWSqKShUtBMaUr1bp4bL,1FTCHyPWznLpMHG2fBu23hawtXLFseNRNf,1GVHGj7719x8kUyMm5zVgGmjwfpWfmdZTc,3NPPt4toD6kp8ez1JrowzqE4nuQxHNBNTZ,bc1q4833mwlq29akwknkahh5gmrh5lpfwz9apdc0r5
SvNhn89RciBA8MB4mX3avR,True,OK,93136900ee503b5604554a112c2319c1ff0aa7dc322f6bd359e9d04455962ea9,5Jw4SEpb474nbemzoy1mKwnBawqUyLAvibXD8ZABqaFNrkPHzds,L29cAQ13JhmiFwjcAJENecnRiq2zTdcp6bNLYLwYqPkTUTbAQUb7,1LoKLrCNSc7gahGLxfYL4DyELR7Z97rocH,1BZpZgNBeLeQatFFJGyry2ZC9uWkAroiMn,3P8vvj48rb7nQPR3MNufVn4ws5QReRJMuB,bc1qw0nyt346cknc74wv7lmdjc0fdk7qhhwur0cl05
S3iMieSvsc34ubez1v1QEm,True,OK,afc18f2e614772dd95772cd896afd9ee546fdf999a412bc0728689d548da2237,5K9h2yshcYTEuavprHb4TKiwRucttCMMwBFJKgjXjDCSRMExrYY,L37Mhk2nFsppP6kaCYDLFBe7EwFRzy6sQ8E7TUNidJqVBzrCMjqk,1MdB9cwME2J8642YBn9PmV97YrZ8qcDmDx,1EQtWtChXxVBaVAEfJF8hLF7VbLe3VjXU5,3AC2ws1tsneqYm8QqKoKsBzcuPhXpjFKTS,bc1qjv0rgl35xgjegz89h2dcxagv4fccp2zju29nu7
StXTGUsb9AkbHbjn1kBcXt,True,OK,e7603ea3f53afd36f6c96a7dd8f0ed896889982a87ca8dd3ad47fac80976b5f6,5KaBmbjJtofoE1hcrG88Ndz6o2sCWeEGtMGdJmbf3kg1rhrdBne,L4yUXrHjyezF2S6HERkTYWF2aBEZoqKb7eTyFRqxw9mCnLQzMLBJ,1PtEn4YTU8LDaNvfUmACPywDZwVZtDVZw,1DYvAKePjrasUaYikkaSdPdWZ8PX4ty4qq,3H3CbsnshVb7yPnXGcdzBTLLEnJL3nqm5e,bc1q3x4v053vczwga2pgrcu4lt26p4a0rvklk4rw9j
S8dY8CE4CMVW3R8N9YSmaf,True,OK,d70388de4c6b2b8a68efe82973dfbf929152b9f03907592423976e581449be6c,5KSypYsPigVNov2QuQyTnoJQXZAZBcpZNXBSsVyqSFddNLcWPxg,L4RfnsfRGyJFG53EWLpDF9MpqryB3s6uszD7BturnTafXAYU5rmA,1BXmbrhheedLt6zuGi1n4DvKKCETemdCiT,13527X2jrBPmJyHxoDaVUtvkahVLPieZyW,3PXrPDkNFBHBjzi9bjCmys5x51CPmQTESS,bc1qz6edsrhag3ydkghsvtm67hz4sehc0g0uagzew9
SqjTk2ca7gyVzBLhiisJpD,True,OK,11f384314c1200eac66726386d984b2bdf75fba5980d8c6d4e3cbf217ab5f8de,5HxC81mnivTtUuAtzZNi2PdftHiELAY2YrpHXdmjMeVYwdNTvqr,Kwpc5xQgp2ygE9GgV3tp58trdNkyqb5wqcshxDJRx8V1yydGPSvy,17ikV1ZXz4r5bQPqjy5zhtC64DkWMj9c3r,1MTa3xE3FfX9fumVESuZ68UqAFetfRekom,3AHHggYkw17AAHmGvTuqF7r1y4VHcNdkHM,bc1qup5whyfzppz9essu3csts2u9gz3k8l0gnlsydp
SN1kAuqwUmvYxBmNhDKbaE,True,OK,e3c7eb6c0e9a529fa258e66739d810ece53606dcfdfab27d85a5f0d49ced31ed,5KYbwTkvW1R8d4zLJRwc3J2J7PJDnk8bBk7m5a7yFceMxzVRfvK,L4rVDP6s92qWeCc4Bw61f88iXBR1SuNVtRJqZBBmHWKuXtxUTY8L,1vPZSinWjNg63FNKhbXmiw46qJfdbe1Ka,1Hwk91feFSpcKLYXeobD2GJCC7ZFkJMaiY,3LzK5FUFy5AiVqUYQQbwzMgr958b9nkW4D,bc1qh8w8hllt0eaqa9hdc28fdwk4vnuvpvusjfmgs6
SRBvcg4YRMVbzpzSFMHCpk,True,OK,88d1627e11787f4f34bd78085cb921cb152a87db9283435048480623e553f427,5JrYQp6eSYNBThSyeYbEoMAUaoygMTzt8VtX4LcJTwQDCuLWukt,L1ofe6svFjSVAqXf2iS7uZzpkEMAhLAUg6WPfjYp5u7SsQnfukrA,1J4fsars2tGiUnxcGMXV4rARMRj2BR2VsQ,1LrvFV8grbPRqs3ShJuqVX3yrGrN3mwxhR,39fUTV9iQ1Wy6Epj5wGBppQ6JiQCUru8jq,bc1qm8dnjqyaa48rkjnry4s2ut4cjkv5v67ks0sv68
S12NY4Z3ckCdW9yWr2nW6s,True,OK,4b26ad2edd831ce3d72ec322c451086185ca8c717217a35b42d13f4964b47475,5JPPDRU1vPLcRikzyZQjfAGGbMezyujP3gbT87oJ9YqEcf7t7FK,Kyjo3pzF4dbZN7KCte3mHRtPpeAivBk4Jqm4JR1LgjVu6BftVN4h,15YUtG7hctMgvh64CXsXJnFfsKCsg6C1ke,19XkStuKCHjNta7FES7PeY7C8Xw1WwSpkV,3AJjvw3Tt59xdPHQgA4ALSju9vS12Hn6hU,bc1qtkgup8vmktmqfa6kkpkyyqusu8t0rjssls3j5j
SHu5Y9xo1mHemRpFDykm8V,True,OK,96a04dc29542632e23d25001b8234872cbec6a2b251491c1b0b2ab8a4c2c44d3,5Jxd8DhjejGqrBgekx5WyEN1Ng5Nz3T4ELEZ3WAEJ2iBzvBfuBP,L2GWSs4oFXavc6A1ez6wHByiefUL2mp1FqtpS3hjgAYoYchCnuB1,1F95dmqTWJmYEW451Rp9jJ5Qh5oKQBUP4B,17kvXcbdKc6cVNE2b85gXE9QyM1Rk3kgc2,3AsrvkjSN9x5sAhW8CPhqaor598rvVba7s,bc1qfg049ehvaduakg9sdjde7pnj9m7u60gfn5dwss
SVebd26d9Dkdn2FBmfuNWz,True,OK,51ce91d3b487b507e3ec4e459a426c2c792ad35c88eaed81dc55c565a24f523d,5JSKEFc6ovCfSQQH4ew3CsYx6Zm5U7ZK9ankhQQum7NMtGHDJjd,KyxjTVTve5pUf8Hju8RWjQ82BZbYifwd6t8wsLLXsh7HB4pJChrV,1GucSZn747UMBXNM14L7cEMH4mQZmNHcfM,1G1g3BaY4Zt1tn6YqGMSxgWQX3APAye9Pk,3KozKUQDCPTfP3fLQVuBdoGnnhNuRByTR8,bc1q5j48j33festt8j8t490xsy5uxuhnc370xkc4n0
SEXCDRsyEgmGjW2N3ST8Be,True,OK,be16564d6f1de5bd13c222abffd3ae4ee7961d14e28866fdf8dcb988b1318ebe,5KG174UaM6yWSnJTupfYNEC7F3DuHiY61u54gy8mEsdN8zGRrWn,L3bDTkLiBjNQxnx5n9P7ShE2YxownnLD8xpwHQmGGETWJ6bW3d2E,159X84pYxPmoqPuyAb6bsrA1NSFSwkLpbV,1Hv4WkZFkk49XuU8m18d9piMRCmdZR2aNh,38AMsp7fL9reX372GYGjcSshfNfKRxgPaR,bc1qhx90mv9q8g370t9cckhzuw7quswkvh2rk0424u
SjwHizhjSfvdh8QN8XPRWE,True,OK,b199c14f50e52fc9ba013bb1ae944ea8db70370078358d1d47c6939ea71c6717,5KAW9gwtDoag8aHn8jFbUuU13jmUGhC35nUAUgWUMNXKEvQYJuR,L3AwfMKF5WbdiRw4D7VRCAaBD5mHNGPiC7gtqBP5iuzoWM4HC2Xd,1KdfKqp5MujdPBE3XS7FJFTGc98LzKmfKY,1K14uw4vRAn8o7C1UZkReTULVvtP5T4iiA,34LSvwJunxcoKikHJXvGFZhHGRL3X994Pw,bc1qc46c0w6nl8y3tcu4w8833a7nk3rdcrj6d0ghvh
Sux5WBUvaU6ENbjLUkaiiY,True,OK,07e069ce5f57560204ad2d1d194fb38c2d86266ca88a5686bc6c454b775afefb,5Hskn8zXUF9XWxgRYwqvgkJaQp5UhGZXuXF4FKFb1A5GsQL2o4d,KwV2EEGuVFSdhEm1N14wxS8aU6nmEjgbQpV3LBZP5h3s36Ce4Xkn,19a6tNBUM9qmYU9ZaEGJvsmrZ98tiANqZs,1FbZYPzkZMSThR47Z4bYvdsPXswkNgfYrS,3FJj43vdQdWYDx4ngNgxfcVMEb8ZD139f5,bc1q5qd3zke7p85642uz0ulljskdtxsm5u6kxjrxfp
SruB3EnUxV1rS5uBJHFicB,True,OK,90ba4f030f74b748f2d83bdf001c6b8542eb3bc841a2190cd1d931060e1d6334,5Jv2TXJdHXKqjuGYd1QAD83xNqkBTcsQgpqtaKpqqMbts89DpWk,L253S4ko9vrA8MhcZvmDeW83RQ9bAVKVYnAne66AYRw1v7tp5awk,1G4Xcn7ZSKjGgXbAnGcaYeCtvSvqyKWvoU,1E7wXzmwWtYtmnRmzQVERF4nfKW5mzhXTb,391SjrbtW9MRTNeXH4CHZTLC5Ma3ejEVpq,bc1q3l56wmrr6g4tl7t9mvhnamft8frpmuvdlgsq2u
Sj3JbiAHnbM5wCc56ujp9i,True,OK,67b518db9f7d547e27ab6b93b4f78f85a0c0b1a5f6e2efd152861a9333cc2c8f,5JbxeYXyqxWTmNNfqDuVQi98QMnQwrYU1dmNwWEHPJWE7gc13jK,KzhJciBju6138qLePqxgPeasg6jSh7ftDoGsqa1dKSFzt87Bx5Ut,1Li4evFzos1JsNxjJw1qZwBpAmjtz75q5,1QCNCJ6tBjgaCjPr8LU9CgzSssNpb7CxMU,3GmkXjNRxwAa8c4v3We7BjmP3aQjfYvcs7,bc1qlecjj0x9n9ndsgarlm43zu53tqsw0y85zz728j
SsjHTpaebqsewB6EzK5GWw,True,OK,0d08eb069f344729e8ab01cbfd8a892c0c7f3185679de0b97a10245ca0c05b48,5Hv2YD8cTpmT9bAqikDQRVUhSH1wGiiAQQ1jraCek1iLfee8A8u,Kwf3nkYbXPqCQupS3FjkP6hFUZh8YP6gWGaG9oYRar9ToJUEyGYN,1P5XnsboXRbXUDbeZPhLieQcQMEySuKGEj,1KgUxybekAgEVMwkDFwS6b91tC9T7z8Xv5,3Ekq5niYouWmLxPTopcJn97ozGqmq74FWE,bc1qen5af22xrpj99gu9caqawvv0tyaj0v9sdjwcps
S384ystagS8kGeUbpV3ngS,True,OK,551a203b44aaa2a96841962aea7e6a16378c2f95fdab69e9d300c54d48537bab,5JTmQ7PZsZtAvvCTZT93j1KXkQFx7kc41zueMMyNJDjBqdoXj3Y,Kz58y1Cc6C8rpyoaEENX2QQniZezGoTiKQbMrsZo11BCqJpm6eWL,1DMDU6BNSAjhwt3BoPsLHYybuuBUdXEbXJ,1NA4Dy7jChTku1tvodkur8EcAQnGJYnPzk,3JD5BtkCTuwMsah4cAv2KdYpffmjV8Uwtp,bc1qaqg3xa3em0fccg84cg6n6tjwzuee87aq3ecr7d
Sg4eaL6jDzYBXUPoXVx1qi,True,OK,5b64e3a934c64f7b0e8a998caa5e7ec5e53aac0653b0a44f3949ff9df38774ff,5JWY7ydiuVR3QfMM7NA4upH8yeHjJ6hqWC9jxkyeZv5WZZUPxAP,KzHNMny5xgR7dSGom6P2G7gED1aqgUBF5rDad772pHGuUekjedh3,1MVkhKh9a3pbcZyZTNbLnykipdUe9yu9qD,19guCW5pB5dctwEYNYxYY7Bm6aqEKQNuni,3BvJWdQdqgMPeesRs9G3suAKWvJ9hwf5ME,bc1qtaxv6006s3fxq6hvffupkqv4pqrcffnhtpythw
SYZqAkmdaRRUCqeJKUV3na,True,OK,4497fd6f5e330196c8ace54d5d96f146679015b294ac75019b8f655719cee12a,5JLViUB1jfJp2XVPVGgTrYjh9mHbzWbdEDNQdD3nzCdt56Ad26A,KyX3k2wCFJ5cZjaJFnDBXh5SDgUHSqdpuKbVGpBKyUMnQr6HGpbZ,1HqJCoEx7UDhkmBiKVAQHVT9wuwPqZcD1z,1MA2XwFBKM3AxFQ86bcv89X9KFyTQ8E33U,3FxpiiHhSxGbyRJTaGB6cHuiGa9ufS5stZ,bc1qm5tc5y8c8xmzwcqut2wkau8sk8jsqxlgrfdxzd
SsmHwdQJidNqDRLH2ezUoW,True,OK,299eea25a082c608b16631ea94ce95c5c3805de81d2ac71c2d6c56f900a390d1,5J8cjB9N2sfPXHDZdgZi4Hu1Pjg63WYh3D54RyeGd6zmPsoM1WA,Kxcch9muqGcSQeaT2udNDXaYjMMXG5QsikGv9F1VxMTxwiqMoAoR,1C5k8GMch8fnMTqeJebwoxWRLw2wyyX7to,1ExbdGRjdHuv6EwmZdnzXReLfqxrAnrwNc,35TUYj7udbJ6tNWFVsfK5Kb7wzouhRAqpi,bc1qnywk4dpwtanaj6vpvn76slw362psf5jgek7flc
SV9e4cYZRoMDH4xG8HqtTv,True,OK,069c22384119f0c6de57379fe60a4fd93f10853e3ee6f810d045e70fa5c1fff3,5HsCRTQnNHt2VvLoungnnRz6ieWHBQ5P3SUZHqJY1sto58o83FU,KwSZQwZyEyWDceSS3zed5XH2EpYEQtrLHmSdXJCPtsdcLxh2fBe4,17tUpQNr4n24XiAq8Ar2jyefqc1hHjXyiT,1g2n1UGRsCd4KRGMdFbZCX8ukTz4cTcjL,3JVQUwNrKmRG8poGvGH4ptpajPThxhzFgb,bc1qqasmglvcw7nhw3jrt0mgu9t7jt2d6px0jhn9uw
SELkFbtCqDooe4E9e7HTRi,True,OK,2f8891a004275c1b43b5c8bb0a32f5801e4d6740f8cfcfa91b7ce036918a7965,5JBDm3kobirJZj4Jv1juovp1amwezH6GMudq376cAZtqE1FeuZp,Kxp7KRALgFicXSdc4zGQ68WVa5NEfp2EoHKZ2HukDEBmrP6xFTJe,12DngHjVjAkgyYK4jjUNwtoQs8kn8Fxzqp,1FGnXmxTfv9fhQNbDuUKYHmVavyjLe92n3,3GGTv6PMQ98qyCFovELsAQo2cbqKvrJZyF,bc1qnj8qre6z5ux5c5zdudlvv72ec5kgklpt4qdkt7
SxcRmTMApX6oPkBVg6Nfjc,True,OK,a69af8ae10a363158fa0b33973dc2e0d20764cd0e2caa7e2c3915aa17664085d,5K5fHsh2iYz5zWLzvW48dxVRkqRzGM5NTJNSCnr7cCgK6XTLy84,L2oa1UjgaQAy2pXGf9Epi7vUGUmHkjcHh5fcF3MnANYWsEcgBJ9o,1NwZWisxsyDrR3iKHSUL69QmmX8i7kRrpR,1Ed3e4DXxrhivNZXHgAu6cofSZ6Unx8Mzz,3G8PoyMUdk6doW2JTYn7PkS1dptU58oxsM,bc1qj44dqzvf2vzhfkjy95s2lcaq0elajzylqz23cq
SY5nxa93UTeSoMGgX2AKkF,True,OK,0615bc52133c4071dc0741646da613d5231b630cc6acd3a46e5306d5e17543e0,5Hry1fQw2MGn5u8WEageP3UbvUwg6L7MFGpS8GtQyobCJ8169RE,KwRYDvYdSxUdzd682wfyzHvq94LKYXM2MzpMu77vqidvrZBuqs6x,1DdgbKYNUZEE7iE4oQxpHoZU4scBY4Zob,1AxN221wXLSQ8d6k1y8RskHqa7RLhaumuN,3JipH7S5eAtUGowVbsnATizB4MkmmkenNE,bc1qd5ccma9rhqpfhjm44gctnwp00murhlp2lqgqwj
SY5nxa93UTeSa8tgX2AKkF,True,OK,589bffe7a20933267d6d8ec42a48d31751fb330ab457c6c907050108580ac4c3,5JVJzKMJtxBHBicteUgcCaf9VfGfvpjAiKBERvTbYdDBuyf2Teu,KzBxPyzdzJYNSJhQxRBpN7ZNVVvApZf7sMEAGzxPUapoAhHMAfnc,123zTXuefY37WY95i34KqmKrvRW3hSDM2W,1ChinCUK567EG3uTYbHx5HLJMtC97kbFrW,3M9iMk19UoLgxQjtZQUvB3Ym9ne1tgpBfF,bc1qspwwtn0xwlm5ty3ehdas33c6npsra78zwuelfk
S7TjLah1ehAUVgwReRXtwz,True,OK,25920e6c586d1dded5fc95a7c5a3c4a2a508ac1da1b373680f63f1a2a40a7314,5J6qGdg3fY55i1vBe5UoBFeC5FpXF2LoUbVBm9dJsKShrN5egNW,KxUk3zsLm691n33jxemgpFd9snQkUtvQ8oDQVs5Fs6QTJUQzdf1a,1MQ95vKB6ENiPfgT3mrGRCAt4zc8bT5xcV,1Ftjr92mxV35RZEwy8iFW9WZ3dTo8AU9FX,3BKLjGBZD83GF5UnDpcbi68FcEMz7THKje,bc1q5ddtm7xsg8y3fhuyyehqskey2jssdgycwsv7fs
S4bAGfp8hvoG7uUQ1DrZEK,True,OK,edc9222441be4c5c76bb6f9d22e690b3a45ebed9a7d0923083dcf9bef2b454f0,5Kd1VopCv5Jk2NU9nYPAWqbADXsPFp5SZcaDu484NGHVheZTVD3,L5BwC9dMbG1Ju3kqn1WpzhTmgKFPENnbpx1dvkn9rrTogELuEXiY,1BjPHAfRZ5So85zamS64m9uroPwVoWembb,1HoYyP2spBjnctxu1sQGk4bowyFHPGpEjc,3JFKSJRN8oza1whgiXHf7KJVBp4iLvG398,bc1qhp8atud734cjjf963h5q3mnqc2je2xzlcqz6t2
S3VXGrzvMHWqtfAkEwXYWV,True,OK,df8cd59c675cd5631c15cb26f5030450f7ab48e77ac840769e6bda3bd249f1c9,5KWjsPnHxU6ev4be7WNRaXCY4QjPHFAs2Pj6NYnxVqFz67c114x,L4iGDRYuqpbxMCstoidZUxHv63k5LhYXo9Jni7KqxG18y6wCFPCw,14EdnRr7cip8J1a5UF7KWicR5FsmA4ZbP8,1DTtGWk1n1YhdhR7NkHM4NEzpPNqfMHrjz,36TjNpeNBokxiZ6LVyM7TqzyJprY3vMTky,bc1q3zm3an3j8ranc4etjhrts3lktx38q84tcrhgll
SupK9rxU2eKTP3NV9WA711,True,OK,f975295eb9ac213c2341260763c65ee8d6dc5ce0d244217380abbeffedd12ca7,5Ki9eEGG7zWzRCwCN8gqiraRGY1fRCh2c51H3FxuceoAkg6yoqa,L5ad9KYMjrsNRqgDAGvr3jpW7ZsvZpbg5ngDny3mEMpn3h5fecZh,14PHZU1k2nyZ9UAvMtrmF1TTqwschgKQZc,14FoDffeB62fxezP4e6FYVo5v5vjgcShr7,3DYDfuKp5zbxdakEC1yUpdTjqFnm6XTYQY,bc1qyw6vsvpmhv08w3zwnpqwsddrc9hz8fk44cmexu
S53qqPBSzs5YLLSZ3nns4H,True,OK,b3559aef723bd006c233d73b0aa3193341f0d8f4451f203ac0587ad2b923d2fd,5KBGSMWMNjcwQzxT1x3oVBpSz4LUadcSAxWDpjo7Wb9hUpRDdtG,L3EK8uWYvw7dAvojqByNBQkRgqixjSbQ6wyybhtXjbjPfJHZhgrg,16Arw6ZBVn3Ppnqs37u9F14i6YzNnPVzvs,1Dv9LcR6tsCGo2aakryB469PbSiTSrSX7F,35qFEQNCchtDzurLZ5hgnos7sUP7tZrpyd,bc1q3khggpqnalungyjzpy3vxe57sjwfqdax9t5ph9
SwzXt8JXNS3zYYYNVu4ps5,True,OK,ba8aed671f9572a66315c0fe69097695841663cf3cb9bcc83bf09e68e2d5d873,5KESZfejWxbP1hLnA4RxenaXQKdtMfZtdaCWicBztQaMYffmu8w,L3UKqBbYfENkA54JJz9AdnAyBwFogDEAtRXpAeKYVu4DggXVjZcS,16ba6EXxznEe9Nf7tHbYX8XH8g4QbhMR7g,1BqJxPBDYQr7f7tZzWuVYQaMPDnJENb7gE,3NNXPrCcjYrCTaQwS5ashsGczX4ADBmb36,bc1qwm2rvs7cx523jk3ws2y527qck95qg5m6em5ajk
SiWM3tsk3EHMtpYxmQGCNu,True,OK,2e9771f8ac72215445177541d919ca4e8e1ef732ad2d51560de1449d3aee319b,5JAohcHKAMkBLtgGAnuFTjWkEHX1qqt2HADgDK5Kwf4yt3ECPAF,KxnH8Ej1AJZaeo6HxDbcpzeHoduUiakCeKgx5Ln6cF2a43wWYJZx,1CXVQ2JxiQ6CZnBcHFAwuVtQwbiHHJWAda,12AimthM8X4cbbh6jXEDcHAWjVWwAaSEQK,3MGtjCf8tubeQ6LaLTPkvExYsjxedYNnqG,bc1qpn8tmxyvjksemvu79sece4c3933ngmhu6ceqex
ScUdLaJwkWiLs4Nkn7osG1,True,OK,4de0c755876903763b061c1119c341726cd7f322250c0bc9df48dbe4dda24ba3,5JQasWBAmjxcxWGEBcRZ6C6PHBNdoBf2LBttDXMXQHfCA8BbtiH,Kyq6Vumt8UcVhzADBqMNduxmLQnVQr2psh614GybBnXaEr8Ld9DX,1BqcGPJkY52fBYkSWRBr9jzWsuLfueSCR,18Lm5Akc9XpiUqFC9VbqXoyEkLTgMM1Hs9,3EN7ECaSVvoYY2uDPiPx1CzKaPtiDm2eLc,bc1q2zze9d4s68xds0val3ks3k3wzqc8le6w220kvv
SvYNL2s7YhGFNEffKvLSzt,True,OK,edadbe5659c563f30c68c1c8e324560d8a420b0007f07d8f2a72fa58eca4a7e5,5KcxmJ9KVfxhjiMQPeCFvWfoKcgxU7iukk84R4nptECRhk9RNu7,L5Bj8WfidYxroXX4EwAgsBxFTAXMpgfyr5LA5DjGM7FS2XjcALP5,18f8HcbJNoreCaVQpH9rweoymhoVCeEs13,1DFwnxq7xxUo77TJVjGnBVmMKrnJHES243,393DiXYiJVJFMTd8wPpN53u4DeBqxML6L3,bc1qse63ystnrwl7vm8ahw2vlfh8j3s0lp4tlcld5g
SMbzFMfkfQHBFXxcj9uz8w,True,OK,b80a9de008a25193038689f88bed720b8f0b15cf02a7a1b3741491d6976a9653,5KDLg3DPdSyPBfy9GZs6kxV5sYF9xZ18aXY27ZpFiu9BY4XB2KZ,L3PTqJmgssdrv6zoVi48R1txW4uUYCFaSymuuyqZyw97VzT7Qzuy,19sP87moJDKxGj1aF8LVmMgXMAqBDwhufA,15nsbXRnpAhUTDfhLVWoNkvvTV1AvdRkw3,36FYdk3LiCyt6eQTVKo3mX1S5uJfbKnSD7,bc1qxjxhfjwe5mf9p2nnhm2lc056kp0xaq0qvghq6d
S86Dhrs56JSxY3XDGrcsDV,True,OK,9a633fc26f2cd8cb8115105e0b3f7b7978099185068d06775a51fb4e40757300,5JzHD1ZwbHfVtX8MhfE5USTkSfxdPXkcDyZUxftxAbZ32xHaEUN,L2PpY1WPxLYvWPyUNTiik7P4kJxXcSjUUGeNQigJVMWPyZr2q2Gg,17R2hnoyB9M5wiRv1u1eCmKc362uLt1M94,14yjC1Rd8cFi6e3dJxP7xZgpQmz5RzfT2r,39XMDQuz6CxY3opJymNebfh2nLjLirfpgb,bc1q9w3w8dprvhnrzx5589ddefd7ecfwf5dddy2ngx
SuufdYVpcWMmqxumJ8Ygi9,True,OK,770dd93ec5b052d0954e69edbdd859dfef57714d7477685f035fcd37b78e86ba,5Jiif9oxLLXaHWeqz6KLxgaDj4PPDiPH8gTYdrnmySagDvVGJ2s,L1D8sPtFEMBwust3CzTy6mfdAdwo57fLCuAAdgm3W7ue7Z9wfjee,16Rb6yoiRrCVXBxAmKpRxagxnxicoHz7kk,1MUZ4PPSgNpCwhnaEdaVVfqeR6MoxD5od4,3NZS4wRoS2hZrRY5dUKKnBVR2J8CxZreqA,bc1quzvgraq6s0n9yymxdd4j773xasx597qkgekktk
SrDG2GQrW4JbXWHLGfwmsy,True,OK,ac851261830f6142386da15b59d54f9eb470c34b9182afeda0c82f41cd6b3ccd,5K8GNL4syjjkMxMe34mHD9Ur2UBiRqjaqJpkzPQq935A5TXGY2e,L314q9A81RdgPVL6U7cSYcRuPUzHre6xLDfoAHvBUU9M4R5RWoAu,12GYCBkkhcNGd5RGkxjRPoabjQHr9jijWk,1Q1hkxaBi7WnfdswqyeFCJY6BcDUFdBEw6,3AaRqGrqXGeq4ks6aUdcLm3Wdbd2kMHkoN,bc1ql3kw5lmccqlnwrawus3hhq8qugd9q9f6de64j4
S3qFehukLSNuFZnm25X2Xp,True,OK,747e1111d576259aa6b908bb465c60d5e7b5ef5ef44763fbc423670ae8f1cba8,5JhbDzHinBk4xLx78hnkeQBhdUNCK7T2ezDPmD393npv4MNkpgD,L18A4KroQSR6TH4E512we5LEKynYvwTtJfXhU88SXKGVBaHEcEo7,19BUeQyt3RvGmMFkamJxcAdph8iJdngtat,18aqxWdwqWNeCXJJ6YYpnfmW6Y8txCptTq,3N4VCULmm7GAdP9BdYy9iL3YRqPe8KDRp5,bc1q2vhhj7azpaw8863g57sjzejccn5feassjsay3d
SA2cmb2C7T46DQ1SgewZHT,True,OK,683d715262ce812cd0ab509381cd5219d3c23b95a1fc23d5c9a192beac68ec1f,5JcCFcEdQorE712ynw2cinPChu6ZqxrZGWav16CFQ3mEoGRQiGE,KziLfUX9i5nGqV9jfjU8fRJzfWwZy7XjRTagwPveYjCFu2dNotfH,1NebgNknZuaLw3QsYQkEZcEA55MhZLxw7J,1KwC8LkP1ZMmqNXvxxpY8nFnfcC6UfzsTC,32G6RyS4MxE8CTY1QAyUVidUMoLXMJDqY7,bc1qe7eq89m2krf0rak7yp3cyf2kx6hmz5cpwneewx
SbB61VG8SHu12YtQYPyhLZ,True,OK,7bc672500c8f42d6be7778ab521c91c436502ede83c0c13526248e792c055b9c,5JkoFbLfPJHcgkJQ88R2WMwR8EC2juuEr6owsyB5PN5T49DQX1e,L1NK9QZnRRJLWS7o4Tj3ebRBUuDggQVa7ieDDxwUMi2dznhtRkFQ,1MZwn9z4xcH6szRZdG7R6nP1ixhCY6DvWe,15G2P7Yr55gZGTvvEqsrMgKd6wT9gHwTV2,3Afit3zNh3HoYM2GsKi8fjvfmMFSapXuqb,bc1q96m723ywc0sz6q9x3yl98s7mysfhe52dldldtw
SpLzK7t5PrrZH1uzVZhFzi,True,OK,31210b612f82fe7968e3ab40ca5f5a94c8090c27aa3e793bc620f5e8d66427e8,5JBvWzXSfBzLynKQJtB2W1Wr98W23BvYSyEHy2D8e3oakXKHSpi,KxsDDNuNFZW7Bd2DsvsFd3Gjtt75afDKodBftGLYiXNbxpCTL6QY,1HCWy2vCNgLA6QYQY8U3zPpZBZfaymgS7z,1Pd3cWrQa644LECEeYrAVPcyn1qFrLXx2q,3EeVDTPkt8xELX8ebJLhMGniNcrUaFq4vz,bc1qlq37c25vmn3dk3660gcmhcgg4nul42xzgu3dws
St3bt9jcg1M8GD46e6oxAK,True,OK,a66b03935360b566c7e3d8cc5e4845d04997f9dc7d5e961f058f1e634ed1fc27,5K5aWLKCwTezcEoUJpxzDAs3xRuNbRsCzMqqrbB6QCVszrcB5n8,L2oCtUFMhNehGXv7Xgi7WiXv3evAJxkbvAzadsqYqPkU6DARvUoE,1MxXCjQeBj3hahPiZb7yd2wUrQpjaRi7qo,1EaqH9GbFkba7RqJ5SPTK2DH93mRhqZJTC,3CY5BLdZrPsLm1mvVeJ1pX2JHWWgSTFXxX,bc1qjnl6ngk2wehm707wju0x9luwp78669sect3avh
SWu9ffXWHGLB559XvtC5uM,True,OK,d3f75b12ae9b4fb03e4382d98d5717d1450eacf4b0a21085b658ab2198063aba,5KRdyUK8gFK51F6k9PwbqMPHJQdzAdgffPv4MAjz7jAJyvEyKWZ,L4KkCFZ2tEAkg5EMS4FzkQyLwqLFKWv5eU9Bn1zj6h66NDcBiNeZ,15Qk3Luu8P4qz3y5AsX5Go57LJsgS5GqES,1BxkVFKReYES4vmLHqMnEudyAtGms47iTm,3CDD5c8hrydBHbrF1SDxX7ThJiXK95QhWz,bc1q0q7xl455e4ke44g4hhu7csjyyer85zgdcsh7w7
SkvdA4TYWHHRQwiC5F4oX7,True,OK,839f7c967509bdae5af84f840d94de2421f4eb0687f678d07e7eca2a17c075ba,5JpFiP1MNtk3qpoAkzByLqroFJVoT9SkxqpwCDBJQsmJ3Gc1Ge3,L1dZwe8YwdP1YVxn59RRgaeo88E82QGh3UWaCUkTrP4WCtwPsbqZ,16oortwW7ZCjFPMgg4bjdqoPrHy7xpMwx2,1Jmn4gYWH3ikyuTSPQUZmm557JcJEmdPKe,3GpDurRtUHyoW12voiYP9aAQUMSGWCF328,bc1qcteqajqeku832pkn5edatwqagz4y6lrhnncah8
SaRkAbKBHm2z8tA6J2fTmA,True,OK,42eae20d66796cd699074ba8132ce2eb34dff8a5790ab3310d29168905d4de5d,5JKku8HjCNnoeNyBC1kMdumcQ4T4Q5Zmw6ZPtkSdWsBU8aJR2B3,KyTnm5AqFDBAsyxwycJN5uuuEnE1zs9fKmXz3Qk8ApVCjzoxM6zR,17WS5pVduhJTgTNMB79CjyeYK5eZUfqSTb,1DmYzWuHtXdroWDazirkUL8i3iFMoetR87,36RfQetpZhab9SRYaRnJbmnAngrTwv6qc7,bc1q3s8ggk5833uqnmvtwlwzu0gw73lqzwv2xcq9m3
SFagPMKThFyxP5yf5JGGjb,True,OK,c4a218a0dd3620a7d16cfea7f5f84ddf097d155b246e32304ecbfeb2356ff125,5KJtK59cNP9drkRymSjsoGyfjWkNc7smHNhPtPhkq6n8yV8eHUp,L3owUmK17Nm7gahFZAcFDFX7xeJSN1M4TGmJ1qCtTJWECAvAD517,15hEmg7qY5zHKs8Nz2ZMXREpC776B1pftw,1Gj32VRRaxeziTscaeo73R4wpten92Wy5N,38vhGZkAwAJMsMQBWdY8PHxqGN4g8enxjb,bc1q437sc5guvayz37fazw3jy2k7jc7k3j7r97mgc5
SxRHfz1W585a9aRcjd2zDC,True,OK,b8fb72c13e45b7c680b785b69b1e38e99e61ebe9e10be4e81e84a4b6385462f1,5KDkhneUnsuc5e8dFMeDhiyeXtovfoPEL9RhCKfBciD1xWXY73B,L3RHu2URfVhBqUtezN7H4kH2fMg7tFj7qWBzQyMXrct3DjdJFTKN,17L9sc4reVr1KejR5JFRysePb8FSqKCqwJ,1ZVvZ9ymSEcgyKBbeKNBAv2MPhNDUyStK,3LRrVDEFy92jveVJGKD7Y1699kvV3dF3TF,bc1qqcjhgmp8tf5r4ezpxx02f8sgcj5ls483kckd8t
S1cPzDMs4Rv1hDRcjdV1uo,True,OK,55ada24296c32bec19816cefa94a2f9784f4b13d1d94d8680d4bb43745849adf,5JU27mqxtnLaNgoSsEgLEFpC8yoivENqvkNiRaZ6ERpxexyt2Kx,Kz6Fvtw7hZ7QJig1AjNbsWPJADjE1x3QxESqqV6e6GageD1Jw7U7,17Z676GUPXhk1xHCBuFDAiQNCuu8mHao1M,19E8UWt4tvxnUZBT2BzzqYZNQ67YrwjpsU,3A3FHt23NkKLofpQYYRwGLFVYQ57465ANH,bc1qtg72wvxgfhd72xemlxjaev8slp47khdyyj6he7
St4vH8DndC2HajPCsfRV5N,True,OK,5e8bd66984a07e77a5640f8feb518566c28c554c70651e4d32795ef6e3d1906f,5JXvdyan6mnSvg7tpayoRugqH2YJrtT1HKitBnKYjL5hCA8YXjQ,KzPVkCk64UfbRufRj2yhvwYp5joBqC5nF3drvb2s3qDiPrRrtdDD,1N6ExWtMmbp65VqKHDEHEZVpSBbAsKBqzt,1Kt6wF1FxgpJHdHZWaKe7N8TYLNK4fdwEo,36q8Ve2pHwrUNFxXs5KZSv1gB8vrU7CTHu,bc1qeuwxa0anjj9vctvq03lxdhzqtnphev2kzcqhcd
SJsQoycr1W5QZmyMQaBqLR,True,OK,3024b0afeee197d8150a1baa09e176963b3ae65440ac15accbad27d47cbdaeb8,5JBVLZPLhpi1p6318nkxiSG13bsPLKqPUTjDTNTkCp3CuK3Wm1F,KxqJ5KwbyBa2aqDqbNy2utVDCUuPaJ8aCCyKyPj3h8cjXWYmwXDy,1A8Hkjn4kL9AKtHXddLqRXSpUks1tzrAJq,13LduqrmkA7F79GnxKvp8PqHmkTcmZmcpD,3EfAVAmoPbZoD6Zozx5cSJaf93rdHiexmo,bc1qrxn0wakqxtq53vspsrv0c90ysjdwtvdnkttn6q
Sa4Ko4F4zjhnYZJw7ypWJw,True,OK,2f47e680dbdcfcf5618890e5db74b0b87ffa895a10794c3a60a23e76c4074c78,5JB7JoApMauv8y7GW5rQxXvvcrKAQZmL3Vvo2nDCwYXRiShDTfS,KxocqYnL1rgZYAefRNR6k7X1fEfAX1cf42gSArYshk9J5p3YDdZH,1DV1tEs4Hoej1CVJPHdqjVsTZDhSB3neoT,1KotpyAXMPQ8r34TXU6ra34bc5kV4b3HKa,3HBQRW29AJbq9xy6mtfpuRei9gaep7p7tx,bc1qeeg2j5yx6e7yj6ker7vea72ex4fw6zl7kvnq4s
SQzdLK1JTnSyu2yiGthsaL,True,OK,ca5e9f1e5173c2dc761789b64946a291633630b8f6be709f80968b2c45c147cf,5KMQqmpkSq8VLw3izG9GtB2DKm3rt54nuZWqtZFHzzi81aaUvKP,L416EGqkm1S46yZ2KjqX6sEMPoRdAQwjczWinZL62yiVwKv6Dnr8,17avgHxhfJsJgy3TL7NRcJt78aMQWW32J3,1JcNzbyzbsDsuW1hFpayqrs2P36YC1JXAQ,3LYPfAYaUUuwSWyAX812XPTvT9Msc9NhwE,bc1qcy4su5krsuyah9hxcurm8d2hs7k7yl4adycqw3
SwCaERZgz4sAvAcibaUVWS,True,OK,69e43bf0a86d156f62072fe258dcc9fc969189db402c62392716c8038d4595a4,5JcvSQGQ46nZDzs4ysihxkWsEDLxgPtarNqrUxLocYFvYH61uP8,KzmYs7gxkgY5ENPza2s5o54phKV6kt2gQwQdQPGQjrxsJacEAQmd,1K2V5QqCEzrJfYQ3nLcWnsLBiQw6tNuyQu,1DFwLjMEanLHhwV31MvT1AFY57NTYM41iK,39ZirGyYTVp5Vt7WrmWpZE7eAAh93qRYvH,bc1qse6trx58pmdwu3zwww6xe3666yvhukwc2tscma
SwC98js61Zdh8ry8GeUVWS,True,OK,08ed6f7eac4104bc74282cd4f30e3e09ff3b21449a94628781c93318ebb79974,5HtDd2tfpHtbt5QUM5wiU3Zedufm24zPkNVsk6eUEyZSfHkUWmq,KwX4i3M4KjYkxSSbhepW2NK77uU5HicKQRtSyDvPEgeCFspx2txW,1QC78Ukk55Z7A721TiFojKF1txwCV6t31f,1CyPFG3XFneHdtcqqhzLGLpikTSTVnCDer,3Ahe67yUhQbTxwnPxQB92Au5fCXAFYSZWv,bc1qsdfn74yqu3r3rhw49w3s583r5re7adx62ra7ru
SmvNfyTv1e2tc5TDuVwXjg,True,OK,c456c3c6528ba1342404ddc00a2099bffbddeb150c48219f7296380f48f2112e,5KJko7RHHN6v7SV164k4hyNfvxWcXtwDVySzdSDnXsc28nvcLTG,L3oNJXLAsE97RRUbPMX5MqpeqA1hqNEJAt9jMpKRyGMa189yeuJf,1H3MhNvZg5KgfrACR6jVv7ua6UJ8hUq5di,1D5gBQWi9wai8svgcYmEy9VDYMZC2qFuXn,39C4eSZXhEtjuS2fV8TKBZ2vKeX3RhVWhe,bc1qsjp7p6strn6ttc38j54dyfzfxu3ax9zz0jqgt4
SCZVFseD6mzuif8DTcipy3,True,OK,c631a321e3acd36a5e1f4db5cf8c5b8cb3b9de7c015850b136679264db8c722a,5KKaBJwgY7kx3rCVXQ9xu3JTnapqUdcEga9as9FoXEo5QZppuc8,L3rySWCMWLpyya9iuBCZihA5ECJ8xxaXPfJtUKSLLTtNSg5ja97K,1MTqh1AcWEFocB5eSAHCEbFH81zLDQFQKz,19tUBQPxdueWouQhs2a5Xnw3348YV3QhC6,3KKwcKZoeUT3TsdD4JAHZ46HcfEtESMrdY,bc1qv97w39rasygyp7c07jlav5tpyzp9meq4reszr6
SwMWkEL7ePjkjBcth1GtSs,True,OK,8f4fad265937c9a74ca1b50e08c1b216ff9a448000c1212fb39dc53f65636a37,5JuQGtHnDuzadjQL87inasQ2EtX9iYbQ43EViPmdknJQPrdU5ux,L22Hj7P4bzu9T89yQQfSCVScUJQ5UNSpkQrZjhW1EEwpFXUuQpgv,1LbYgvQZDmPJ8ZLy4ghzykdu1XKLYpRQKa,16SZQgXJdaCMHcLy8ARZ5XK6qeX5NvZXC5,37JYsv6ykvkXLu3imsMM12XQQ4F6sUD2Xc,bc1q8whpf0ahlqm7xscrfxx5xlan2hele3grhvzr5m
SNv2CYxFtduRLacK7utP1k,True,OK,43e9b53dbfb73fa23f79e77c10046e4d5bd256b0b7335272efedc12c105c3c09,5JLCKrjrEDjNnWh7ruEPH6iwBQFUGK7PaVvVNRSTqCDcbLyNCBP,KyVizEY8HMC39t45HFY5L4G68ucsLawCerf6DYsPRiWg6NNYY8ZK,19L46PkRt8PKSR7wEKW8LPTEchMDyUbf6D,17STjmrBvFCaZ1CKNNYr1hoS1kGbFDKZ4d,36NaJhhccqmCCE9CExxMG4BprntCEj2YTU,bc1qg6shjx4flkrlk77d63nq2ceaava9p27lyjugrm
SLBSrfQeTDTbaBraR56RWT,True,OK,6565dcb92863044d991e09579ee900f262a0c9be41c9d061845d4f4d99067f52,5Jawevr74E1hCnv68fu4H4j2mL1tbGbtpnXYbjZcd41MPkK821J,KzcpEQfjjES4T3fKergmTuSWnevviFs1juwpUJrxE8GZ18A9Z3vF,1DRrX2A8cWGeHQ2yUCWK2GCLsFfNrAeRxh,14ZUSrPcRD7uMgTky6RmgenxFSBBX3yua2,3GCFzZC4HnC3bYsWBKiPTzAgd3VmbRNn9W,bc1qyuxfjsd5kxmqvd49gssxmz3jyx63jjz9uucwsz
SxHY7GFtqHH4qgge3jczKT,True,OK,52571d7657d342789a62fe5a2d9df51fa22dcd84e091feb1ee9288de6bff5e26,5JSYrUQDxzjfALfkhKetvAxJCFeFV84gZAQqyFcV4jqmkokMnvg,KyymbMwWE9qHSDp3ryLG9gw4tfdQw8BFaxYF9HVcsW6GXt8dRAzZ,1HRh4c7JP5EUmQYxKt67BSDsLyVLBDUzqK,1Cjsy5MDGuav2j7T71nnoXMtJGV1Y2WJ9q,3F4Trcwoxt3MADDcQjitxYfB1yiLMrdR3f,bc1qsrzkvg45d9d97p6fn3w05tdyc4qe9mru8xujse
SrFbECLjxA9gapVBhvDXqG,True,OK,a71d46eedd79004e34c98087bf77c0fde4f0a477c6a957c201ab6cf9a54e1822,5K5tHz3coMtSFQou66R3L2EvkWSFCXaAGfer4yuNZFezeF1b2p4,L2pZPxnZ1dC2Sc5zuUu7GxUUF2vRfswMv9c3aaAA9MghRERjSi6A,1JViZJApyFArrdtrEpXQTp7x2yfw3x5Hkd,1C8XFh4ParibU6kkP5HVSxQNwEB2fDVinv,3HPmfB9RmoEuVHdu48MRDpP2AeHpfhYtA2,bc1q0g2cetw9p5s2vkhew7t6ykansmu73ljpudpzzc
Syjn9HiDoYVXfwkrGMfHhS,True,OK,11b51139e4ba9712caebb7f9249a867f328c5fdf9f3de20501679b258cf20179,5Hx5tc8ow8FDSuasKaomTFXwRQwPbHBdVokKhUfN3zLipZCVaoL,Kwp8an5U9tyjwM6V72DRCs9ZCkf4iJRv69LDXf6KvC63adN4mGw1,1NB1MmW5edBzi17JTC1t5s5i27eUJbV4p1,13kHt46NB7EVwQRov8vzTEP9m2m6t9XJ4S,3JzLQh5ksfgXCiHM5qtEAMhzEPvxc7awaW,bc1qrcsr499yrdkt9t7txdesn8aw7gwk9khgdhp4ds
S9z1s7MPPab7bcBYGU5d4Q,True,OK,5552934be5d5052ecddb609460076804a5dcf796a3ec6a37e23fad6a82ec98e4,5JTs2oCVLkmgKpcFQUGe6k3rdQUyHusB6Wmh3MCLxF7FMpsNAFz,Kz5Zpvui6CCCa58aabN2kM1c3geTTeLTZLQFjN954qGaNbYCLvjV,153NHpehiNwDiqZQPw9KjMHnPLFNTnZv5k,1EP1fte3bXCWxxp4i8uRLoViJw4GX3r61T,3PTDTabeemSGazmJ1TmD3yr4bQek8TCpzV,bc1qjtp43xpcc5em4a29qtynknjsy9lgmur6y7xvkn
SS4eXdP2geA7bcBYGU5VZR,True,OK,27f5de87defd714f8fc98315fb7b1692e9e9f394d0366785e13cc6f810ca9af2,5J7tKLa7mgqL42gmVc1TLuHvUBbU9SB9aMt2JqnQT17MaXAyXjH,KxZPVwPAtEpK6NSXPFX1Gqogzym8pE7nrFACmkKQVmV3prrebaSw,1PuKYi1XfL9XkMrsywueRRQkMcLSE7JyGW,14XLRSb5pNtJC8C9FMXXBuMHyN8uHdRuVa,37AYWm9T1wR6V35NxeCZRTt559Wc3L5RRj,bc1qy6j3rq8p2frevj89ht98yzrld0edj6lcgzyjgk
SaiS5voUnDZJ7a1tUQ85wt,True,OK,3b1763c61f2a01654d33f3665cbfe3e9c300fd9c50efb82cf6ccd488d58aa7d1,5JGJzSUmzRnRqcrkn48HCYuARAihvnbnBQGctfGeczLAV4VNqnd,KyCaQXTbaUPWdbGcDro8VyoEZfu5eQGWQuhwR1v53r3arNw2mhoC,17dg8FT1wmD1jwuxYaGwBuu8a9y3noEnEU,1FQiNPFhF17JGcNeUdt1ULf1qfnDrSVDDR,35vF2EPzDHS1GocmzPj6YTmNbmaB7QcSL2,bc1qncxacesjp3ke5svrgpu5q2m0kettlfznchk07t
SzppYygLbGfLfAMpG4Wosg,True,OK,70d95f389a2bc5cf01f543a4948faa2ecafd11a2e52f07f458f1fff7ed7a8a13,5JfzAGKokVswhjLt8gc36eHxnsf94mjBzSVEPeLaMzrveSsbe47,L115Hte1LzTrSmtkguoeFubsFUbLbeRDWXVc6woQFgPMmxU19Rag,1adhrSAW3GHxDF6ZhUr5nMCEjN5qY5oW5,14YC1psZTGcYfuiZMkt2DApmzX3jWRe56i,38hVtpPnWrttLsJcTG5UxkzMrZmroB3Wkn,bc1qym88we8gdtzl9tthl2cxlg42xsgggkgcfr76zj
SVQpYygLbGfLfAMpG4WaAD,True,OK,67935abc733532fcd7339cbb437240effe347fbd26399bab3143c6fa5449322d,5JbuHGV6KRh4DBvdvG7D6cB1NzcYmnYyWx5D3EqL8FfNiY81sN3,Kzh3koLzUKyoAoDjx5gQPkFAg5HuEg48TC5a8t4KR1iNrKNp4Hc9,18E4svtQP4sqbX5FZnYNix5P4LEL9WmjWD,1C9ZpNUA36sCM3S8dR1zBaKYBU7cKu5fST,32f7tvzAXB2CTr6mjmmipWqQ4j1GJ6tBbf,bc1q0fyp4au28k2tggycszg2padu80e5u4ergaynv7
Sw3yd54j3dM52FeaGB7AXS,True,OK,340377c3fda2b42eba90b110bcc9aeeaf806896c3f41467e6e10ff42e76ecab6,5JDCCRSj9WyhSeBnX4UrmuYohac2KXisD5m8cGeYW7zJgb37vGc,KxxpRQtZ2bKFWB8bugMxhCwP87KapnbncL1nag4i3Xqw3HArkkV1,183BX9QpvUCVEAmLnGZE6nAe8CqDRfMTs6,1FRDcwpdDj9noKzagXhjixYpvxfYB5XKeN,33G8zDSHL3Ubk5135dWYpY8GQgre62Booe,bc1qncnywjcqtq53pkrhwt9x2uaryzdfg0g2k0gvxt
S7K2NN8shxeVy4rwnkZ1ga,True,OK,343b1487f02e00a3ab4578a985e0ba93cd4eab3bc5522531210300b84b85949f,5JDHkGGd4ye4Nc8BvPEkVPDbNpE9q8zzuDg6G3RsBp1JbbEj9bM,KxyEuxPxCYzZtN2jCd9gxH4ajHT3yUJzZUwYDPikWiULfYoRjnvB,13qwHER6aunUWPBNjb6xUz7VJASXpX64rQ,13xoPULTmh1LdwZgEMjcxaJrrGv2LuEjkc,3M1bxksms1TuqjUByig1sFAzVT2jvbpa52,bc1qyp7a5rpr84fvdhrg8m8vxz4gs5tg8w9gae7adx
Sxwb8MSmhpWURpU1wr9ni6,True,OK,2262fe9802880a79a8fced27aa69cd7d00cec787051ff8c3a96a5589d54d951f,5J5RwgKazZT72XZymjSpX7tKhFyd5uWRLr7sGESjkgr3Q2hugUB,KxNZ6LZ334EDbjvZaSLxjwPXWh6vGekrSboJrELbhpsTaHeueX1j,1CQtRiFQyePE7WNV5JWcJ7qjNNJrUFkPmX,13FBXKNyu74pWXDM3NBuovZceSZg1DHcKU,3L1qGqniWrteRWimN6SRJS6aMyqhYe2UWR,bc1qrz0dhc7y6z4hapdh00p9wh2yj58xwwf9njeqa2
S5F8nqxiZceRAGYXHKpfsn,True,OK,780d90ebb32b9b9faa9f26efda8187d7eb702d24ae3079781ce6a8aea56efcd8,5JjAB3r13JsXWqr2WYnx9qEBDrYRgV4D4egu4PWovFMEwfPJEq3,L1F5VMZHBBt1gibPfRKpRysA7jfhwGqAF7M6mxNa62LLY6WdPJQG,1Mq9J3x4rxYc277Hr6mrJUfJNtvD8Xt1RT,1EraT5Zr2xmgd1K2krJNJckDVCTnFvSPY5,39e5HwK6QRRjZSTjRufs8SBPCCbjPSjRjy,bc1qjlulprwe629pgywl0dshyrljsfll755598tv9m
SFaUmroSWX6adDMK3poEK5,True,OK,244c924069e67ad5fbbb5c0a576dc8d6aa15f5e8d82428903c1b777bb8b612d5,5J6GnyV3vQpHfDeBgcn2XfnSxbPM9qu4hodPyNimjAKsBDuSTv7,KxSGhvJotk7iXgo89rujkNBbaNmdx2poM6oePpsNR6AGTw1XE4hs,18gNiFYeJN1oBVKRfRZuvarPyYLkz9UEDi,15enuMghHAaqUvnxSkMsFrpGJgzqMF1vPc,3LKofyX8TDbLAVmDcUmoYnCPbFycKMBQ65,bc1qxvrrv8q4r0dmx8n5cm7clvqtarvtr4edg67jt0
SrJCM8BGaw5Ron1bywhT81,True,OK,fa6ed3fa7b3589bc3bb9cdec30ef0f3dc85ff70371fe594dc540f6f8993180d6,5KiaZ7D2uhFMkDanjbTWuEzakLqLeWL7xiP7PMzyrPEkiQmx9z6,L5cX6iQ7RaeNZkY8s162yam9xJYMiYTPiuebBhguvy9hwY5j7utr,1BaEKcAHbqDcew68WVWU5a3WpwwJxiXFja,181eZMGaKev6Qu3vzwcbM4bRja86UpceWF,3JXM8THJv1hnk12CnvGAj9fZ6bV1WBDncG,bc1qfn5rk6ll3j7q5rcez942hxzk0v5l54mellnyv4
Sxx26dbNMQGKqWxUDNyyCR,True,OK,feb296f25e455793cbf7db55fe204d0f408caece3fc987c036d265d05a58d237,5KkTVPVy5JzrpnbW4oRENpD1k9ztnRZ4gnh7CVT85nP59VDPdSU,L5kovJJrW2SNuvFHHmsx3HN2HUiXZVNXGcg2MiaJG7JRJRUeZE9c,1H6PMFAXvKHVDXEAdtjnivkNVJrirMXCzB,1JzQhicm44bQgpZythprqWrPDhr5zfzREv,3K9RgV365ZrQiLiHEj94d59RDLtqmt3f1u,bc1qc426yvandxt2pdq54rxg4wgpmjynsdn6rn5nrx
Sz4fNCmvLVdVMj7EwjHskR,True,OK,455f5f1dd2cc456a520868e76ebe30be37162b3a5f3060c0c437faa7c42dde7a,5JLqcLWvMqH39Nm3UBXDfukf1Ffp3yEzMsPBPuGTaVYpEReSPsY,KyYZYy94Wx5nTy3PtySNvjqgk7kJg7EkB7Ntt5hEJq1RTwfjbUP1,1CSPYWGd1aH6MdQQupGD7G8eebniHq3Lx4,1Fx821NyE2BtqnAbqXDHVZuhMzW2qyxny6,3P5ckW2bhV54EnsXEN7eLeKB11aQonPiYS,bc1q50l87f249rs2wytxm7nr06qxls57t3zw5dlz74
SioxdRanWFUt4gmjUp4ZbK,True,OK,1d941e1c0556d36d0be369338421c9e30a0d1181e2012f8698fbbd7063f4f3cb,5J3K8Je6KS442ghSPniLoeECw2uzttY1s25aDsmREm8EAq6PCVY,KxDD1EriUMaUNSDV5amUQsKHfVSvY2TtommBdq53yjku7uWFz6iW,1JQnX3Kesd2uGHqWqefCABsA2NuxueVaek,1JxUfT8vywNMUbEEjVLKyd8CFVFhFmBE9n,34DZmwZ5RDnGEksiVtN9GTuwV5yAg73QLP,bc1qcnuph26l9t739w3nqxnjmhjn25t8ar49gau2he
SaavBFpxB7VmwAF7K9u97P,True,OK,0a0781b85a900cbf4dc0cef9887d1b959250050be74847aa7dbe5d95989c9aef,5HthmSoZPyPw21Dte92hyZydNyK5eGFoCYGaopA5pKBnj4rUMpF,KwZCwAtVzPvDRRytvvSXrgYwZyYoVULJuw1nDd96FqGcpPqhnUpq,1CUc2GoTNE5sYqSEix7SfuRR76cSeLruSf,1PwVAZN63nzJbTCr1cZ43sX6NahkkZcQgp,37tk9iNdcWMvMzfYV4GEBXXgU52TEhQrHN,bc1qlwst6mjhrkr4fj2nyevalfvwvgf5mdx2j2g2me
S1ooyyosyuFYUAiXxsABth,True,OK,ee6da3dae1f20f02c0b3088e2f6015204d40d19acbdacb4091cb3616c5012651,5KdHur52TjUNrDJtEjsc4ubwiWqjbBj1nPLgF8ygAeeE9jiaroN,L5DBeFamSzTqSDKw9eEMnFBEWEi6ytLSTKbrDQD9sb9K3HCrGRBk,17XJX56ZTMuvWLK8JueansErBDYbpiLtmq,14vC1nnsiLqU98tBFWGEBz3acfCWc3NHPd,3KzsaXmG3hSAgqjMh3dvcsScbRKmhFebfQ,bc1q9tmematnz2lu039wcynng3dnlacwm7v9xkrg74
SDE1VQjsu7d8icMCkf5YT9,True,OK,bfb33aac214710e2d52d90c6d9126efdd0d3f5b0071a46ea7da814a6100510ff,5KGiJZg7tbepkx8cYM1gTNhiknDK16BKCi29oKcJPMfe7vBes9e,L3eMJXDfQjwwnzLbsML19QnjJEZLTPrXLg45qT8ojgDYqMgmgkdd,14CcSxEsaP4koWTe2QY7H9PfU1iweZV7pU,1C9Nn4P7UqBPyNMZismr9zEHquB8CrxaHs,39j3cRrLg96ZDdFu47k76nU61NLuor8tDr,bc1q0glw832flawjmr8ay60e7r4nfz0nvmgunxe20x
S2FAkq6od3GmVYijdoGNDV,True,OK,6b9173324bcfc668e85455ef9f2959c0ee7c2a2128353e42c69679ec035921b5,5JdfGNhRLP1DzMJ6wrqJij3ND9We83KfawgJEarTrPXL7Un3e2H,KzpotrmQQY7zL8aVF8xDDAZSccZpr5FPJpLT4xRKWzQsMBjXy5hB,14pmTLTdZKuxWx5nVNC6xJZR2Fny52kb5j,1DeANmg4bJ58vcn8eiSRkjiSD6Un3DP6rR,3GAhrWSG6gaUsYBtSSceuQAH9ivRmS7a7g,bc1q325tnepc0yxrkf54344hrkujhyavd5qjve9dzd
SWbQsWxH4czk3Gbgv2yjQU,True,OK,78f4422050530ef4bc0ffbefcf0293b6a1619e912e5f5bbc99fe273ee03eb846,5JjZC7uZKfct6ym4GLU795gTNXfxxvvYwo5NnKpJwUs7E9H1p5L,L1Gq65UyfPTNZPXTQgve6ff9Q2Nz1s1MzrNK943pBTzAUauNCddn,1AwmvHLjJjMbzsxXCrtEs3HMzhUQ4V6csz,1G5p75Fv5mM4xt4EbySdoyBQdf9ACHcUmb,3P6P7MWEmLuQSXgV7umTFwFwK16EuMgedF,bc1q54ed7gaknnjzpn63l9cht2gva4nwm5faqchyzg
SUxZaH8rcSTRUxzAC2rK6E,True,OK,f35ed4ee209f21f20d419a3d2ff808789232ee1b8d078a38e8fb7f63f43bf99e,5KfU9or58T2Jcmop9BijvVG662ycXaMPdWMjVrc7S25RAqa2hjU,L5NnqsmbDsrkktmd58KET5jbTDisoxCzt8aWaMwyPRkVg9HNanJD,1FDpVtdRFAnmRkars4h7bccZJD4T5ZGB2G,1D3Gd8ecNxbwphNSR4vP1eyMnkvFuKMhx3,3KXjPzkYeUxanmatkPRADe4Yabwp18gH1v,bc1qss8kr7s0e7u35kcpla7aeyrl82q5hunx3f02x8
SupxdAtCxvhKNaY2tvxw8c,True,OK,72dbfe4b01b57dedf855ab96360bb39f9766b80562309f2e7989a313c853bb7c,5JgsWVwkP3aBV1HB3KvFa3zHRspiDREofYYRtHXs3x8iFZMfiKW,L14ywCkeUJMTGcEPKGW3JtBqWoKauoyvy8DiqMyDv2M34qNZpF25,1Mnf1hQHUPp1CmNuW4xGANHKFzUS6qaiF5,1HkWJzonRovtMDEMPbai9K1SJHJPyaLKa6,3J5b75hCYi9GPxdPgBHwQsYNcVFvtS2Gj4,bc1qk779m2etnyaq30553mct5gflxf5gvy4gtru70u
Sx1fr6mPZbve17yznNpZNZ,True,OK,e74eae13df700452e181ebe2f5e4fd8563a8e9df0189ee14607a641203738c96,5KaA1wyDZoasbYyKmuGQsifCKy9E88DFcaxJPHG441ecM8Tm6vw,L4yLoBd8TncWKW7bsBh2NrsazioJvSq5W4s5jLmSUHs11mc6F8Kr,1EgyX8pTyxx8XBZmVmyD8VPH7oWEhTDiwh,1NmAC5oGeXBjJtV2royf2tFKZENTQzw9JL,3DhK2zC97HXBpuwZudYp6QpHguBW6GbAuU,bc1qa66fmwfxdjwynek5d2ta3cmf9584sdtjupculf
Sw1vPAF7BbnrmTwDcW1Kn5,True,OK,482bfe53713839a780696996d16bdc921a013e3ff246e3e9f56512cdba6c5f0b,5JN57bZY85V2491UUiT3B2Qhx4nJ9bR7W95BrC84wdJg4K3dLCC,Kye1A7YcNEnferM6HKwvbFDdk3gvgvuRhcdUt86CQ7F1PNWzfruG,15So1CKn3cJ9S9xBvQC3c6QhuAw8oYYMqA,13kbVwspgwB13fnC1R6AgYhC5xwr4UXqBr,3ELybNJvhsBmivxaK9itmoPAxUBNbi3U8s,bc1qrchwlv2t930qe0z4v098fyqwun5mzm5yf2v29g
SjUnZvfSnwuYAuAhAfJKd3,True,OK,89d79f55e9f05c76e148c3033cd3f6c756433aa30ffee2e97b31a54f0c4b8305,5JrzaShMwYanGDZV7bBC4TzXgPb3JmAHqBzUYm5th44WsqbTXPq,L1qf8cR9RkQ6nASP65qypJ8vQrhFBPv1HhWgbBab9nWWs3kDbjmz,15mWK7AwR1dyJtjzmnDzaQRqb8rMzwVEqW,1JUBRvupH3BTAz9SAByKVhaJH3YEx1gAAB,3CienuDujNTuuWbosvEtbdsqYtFgpuvV8z,bc1qh70pxhh89rxnlzxl0rslchu7dcqtgdajs0l83p
S7Vp4dYuvwCxWuAfB3ehqN,True,OK,0e2d0d030449c8572f7f56115bde3b1e572b75f07f7208f8a730c3275b5917ba,5HvXgrJeU79P3QtodsH6hwA9Zd8svtPQPiAeHqu3s7uLynFzPiX,KwhGStctNe7zHeTeqiv4Bg3NnzVmnqotFEhZbLpjeDU3BUZE1e4r,1981EzPV2yZyzxBpsD2EZ49mMs44DHfaqq,19cAkCw7Bag56CwFvpfX1e4hRDoVgmaHDH,38ve9oyhnYmKtMDnyBxyS5nFEVDGDzpm3Z,bc1qtenmxxps5hgp6cge47xm0y3suvkfj5zeh60aw5
SZhubQLZHpHFCBR5bQibLk,True,OK,58170f1040a03c53d40b9f0dd9ff111ad010b41e32d63d52e1c33497fa8449c2,5JV5ixViTwadxvK1aym6faX6L5yhCc8UJ2nbaFEiygWs4kYiZb1,KzAwrBwk1uuU9pJVayXe1GwpXEyESE3yUAtFbjqaHBQoyXYynDEK,1PakKQK1jz3ZV3QyemLGB8sa3RGz5rdpp8,1FqBpf75vJvKNMiBiGvrqNoj4gCk3BYvxc,3796kqGfi67WA34wp4XtwTJWuy7VChG1UA,bc1q52hv9dakp45s96yslcgx0mgg306hp80tyxwqds
SbnSW63DFGNT4az6GnvTst,True,OK,271313aa36b49f2ca4681c945a349a54047933a8bdb87fcfd20ef6b966b8e650,5J7VgqWBUR453o6skH2pveyfrno2VGSbNeL9j67j5rBqNjkP82Q,KxXfcq5oE1AYsLUvz1m4Xpd8Wm89Zm9xiXmXWmagkQ6pWwgSq65H,15jdJjqYgWrNBSKQ9W9QWZNYprqYH3E7zZ,1HcGXMcahrk1FuRKcS8hBUKPrHeJi3mc1u,3919JPwop1BeQDhhPRt6U3wCArwxnvBbgx,bc1qkckc0z5l3r6ltxv0z99duw6yqm53s6695qg8wj
Sr84Yq2ntHeLvBYRNNamjT,True,OK,54b44207021d7bfdf662b2cd912e04b2928ed9b39aed9e661395167451cd68de,5JTbEaRJgwgPWJyNYPaysrAcZULrk8Nz2ct8SGmwborCufrueBv,Kz4N6vWH5JLrLNKp5Ygz3S1RxKgeZMa2i9NfpYdMzdnBZJdGKNj4,1LEeV7o4A7KGYtYacupcJFHFA9CAAkf9CT,1E5BwLPf6hSiCh8kMCwQgQxjMczruKnU2z,3GbDteS7dpJKxFqMptaL84mJLZ8RQZwsp4,bc1q3ajxmww8vh4wl7y8aan8xlw0r5j4xnyex3rtda
S7qXQ54UMnUTnE6PJZDXYX,True,OK,45a1a69f8284698918bf8d68f30510ae651daab55de1cdf947ea843fe3c7df0a,5JLxDuouULQzi5EnLSegtBe7so1LHvhvdeWBeFhfTegTrUnEtZa,KyZ4jz62beguiHhq6pDM2uxqMC4U9i3dikXoyRtUkdKBX9iH1vmz,1LxVk6RMfrSPCMZYzG18dNvAF7iQw1wTZz,1NDqf925caTNgNxm557K8ZuqFwNKrdpKSe,3BGq5yYBWD3dopG81KkFCMRbWCatXC1Xdo,bc1qaryyqy5wxmz932lefynaqsy8q6xp6svlgdnsn7
ST9jr6BEwC2kTPXnvG4Kwp,True,OK,bb71d8599156531970e14f28beaf6f61a7b703491462e283dab495058cbf4b88,5KEqc3RQoshYXD3fkRPABDMUKA6fBHQuuAGhMKxdiLiaiNP6Uoo,L3W5Xfgk5tmx8LAn2ecoW5XMZ99yWPSYVDvH6igZ3U2XoM1vfpRF,1DjQefejH9xCNeeUiZsnrH7EuiGuGimAce,125gPXgxVNaSjtedK73JP6zNWPrtWZu7Mv,32iW5Zo99uHVpvUz7yUAT5ePLUrVmogF5E,bc1qp0d2kczmh2sjluuuy92rk3ydl9xpkqeks7h8x9
Sq3vMRuXisBbDaqCktGCEe,True,OK,f1289d7e33a9f47ddf7e7ab45d3cef88a7a0d3254fd31fe0cb4b38a04f907d31,5KeVeyotRECsfBaWkqk3HxmBayMYkyoEY7w9P6hvXpLwb7jnakP,L5JVUdjwwwHQbXgvLW8y7s81iwjhB7h4kMbyzYBdH1y1wTGz3UsF,1GSqH1vwxYrS3TK6k1wPMyHPGcaESnoK4A,1NvMVHzZ9C9ZTRa46QNseXbucrhedb6sw6,3A8W95BTGo6pZKmXz6uo9BbGu86siJFGzv,bc1q7pcu5vqmfmuqm2swcqmu3gey68jh5nfu3payua
STfXXRQnUThBFcXXX4EF6g,True,OK,8c9f607feb0f51e78de69bb40a6d3b5f67f2990623c087c0094d8fba7f2270d1,5JtDbXxs4RXgUpgnSqNVspzNVjo6k9aidSy5D8ZQ7ZPK87GYzuL,L1w4bRfZx7GRFoUbb2VtTLpDsqtUMSspjscVaYN11wwUzAxP7EW7,12sTemBvzCKSfGJV7SC2L8SEUiteLqdPpe,1Q8vTgbHWGG8a1QcJJB2Zz8wjwEJ6VZjqD,34LquW2dJFq5LAyiSPjgfEfCq3xWyae4vN,bc1qlh9xu5emaztsmppeqc4uq48r0qyl2g39vp552u
SsePMd3FcX2RckMUwADYDr,True,OK,4a7869143ffaeb107c5dd39964822281d96b1bfae3ab5cb874c7a502a0cb8537,5JP5puPssHDYoCwocNEdbeM8CDGhfhharAa7eHhX6kcgBMK8zDH,KyiUJSFyWvaPLwitj6jAXuqpkVAJVpe8Q1FAKahqrPWTvLTSsLfN,14feqJmLYkDJoZ83m4eGFiN8LtG9VrFhbk,1M5EczfLh5bAmXB8Mxf7jbm7dFj9dsbEbp,3GVePhzPvXrWY7wXWYZYYDRiEQ9S5LYuSX,bc1qmshcef4r7gvx2t8mwnwupm9h5tmlc8fa3cvn4m
SYXqXAzrnSrbCNKHEQNjsq,True,OK,3dcc35d9d0ea2ebd81f0c6653a669d9b608805dcdf618c086dbefe1404bc103d,5JHW7xPZ5erKXug1oUen2kB4km1wSPCF1PunajKDs62Gx4iXUbF,KyHqXhUYbY4goRVCY93jkhZRa9H9H2xcpk7zBsmRn5AdPd4aFHDj,1PMr2coBUYL7NRhFb88GGYoP96ch7JJ5N9,13iQXJunm1easbpXs9LKsNxoL3Yyubc5gB,32YFaDmbCyJNu6gdRHm5Ns4VkQcQuHDBRt,bc1qrhz0zrl5080adqsz0jvzq54af45sqgfxwf6ksg
StGiErY8AmVz8wDetBtQXo,True,OK,b6a521807499571ab1e61cf5b84a86e845c3634e98790a9e81733bc9d63ae2af,5KCj1BenHmNNi7bji2ej4ioFKZr8YNW6vh5Kg6bxzgrXqjcWHgc,L3LkPp1ktzqLpU8KW6HWfRV8CwyrHTuT9yt5RZjL9cud7wbUy9N6,1JqZN2hjCbpBdjv1XhqSycch4uqbHx4X4a,1M83ETfWfSmgF8sC7qjzePAoY9s1joUR4e,3FrBAu5P12W1fk6eAJcnCCHBpDSGiZVRLB,bc1qmjm55em6fnnnre7759wmcd8cgqwgukh3yup8ju
SFXVCD3BfEvP7suvRa4uNn,True,OK,98877767e73249a7b77e631a2739469d9d92e4a18c41e96c386160938ca0a558,5JyTjYYh4y4rvk8YBbyBSEGWndX8QuUufQxhNSkJyk4MH8sPQZs,L2LCznEsrWU3NDNGdoLy4MZUUQByiWeBSYkqBeeAMT3nVqaELZdS,18b2oHgf4Qfdsa4tvDYXk5xu4v3r5C1aPY,1FYX3rmQJaiHZU7d1r33UDaV2uVFHE2MDk,39iwAwuDy8MyzVkDWjZevaHRuwJKey2qjz,bc1qn7rm6knvjs6ju36pupvtg5alxl6ftlrn92pmyj
SSVH3BgJtSCxx631WGxbXu,True,OK,a1d1d3b62860e9beb6272311a1c88f233a8393badc3f2f5c172bba29e3f1fc7a,5K3Z3gB25PUSk9zq24objoU4TiWRfyDaWEeuXXoStANBqSYiGJs,L2eGSouDkNC8dUiEwhngKv6SGvCsu18Wt3GJqkx1EpLWpgDENa6Z,19X14kJPjRbxL7kYmXTF6WrYFA2B9VLBo1,1ELygehBnJk2yC3Ae9vT8Jbu6diL3c9g7G,39cG8w98aHGAJMfVYdfbtZeB8zp5WCUFLa,bc1qjfsdkpj0q3w7v9r9hk84rv8fldl5urtftqah82
Sx6k2ooG4k3B4W1VwRT97j,True,OK,0b4358b9a6b97f53f70f73a797f5dea6e2ad6c2eb54bd840f068c5c80d1d9ed1,5HuFHHVfPEiJCbd43iMxYNR6rXy2494v1BbtqAvjeSJEj9eVdsM,Kwbc2soWR9XGvBp8SyZW9TXNqdgFercGwoo1mcpBEEf5aZePbwz6,17HqmLwLvmFmVdpY7BP2qCeUGK2QHn8ECa,1PVN5o9eHxJZyaBkB8ejtEDjsxme6bLiCy,3ACwq5rYJ4chcnHAdn3gRp5AV7SaJe1dQe,bc1q76cqxk68x4gm9gvukcad3tkrquds6xnwnx88w5
SNQKQFNdQ7fEUngF6euX2d,True,OK,ac2690c9c4be567d5287c35a2f13818807c77aed1c00a1ed30e630d1c80b3e9a,5K86wQ9KyF9zL7Skr25B4fWN6tqAKoMwe1FTZREHih99srbq4N5,L2zMD79kjFUg3MSgXMjRRAxc91ma9ydSAL6pE5weo2AzB5GrYugZ,1H6LWVMSwPF1fHa9bV9K5zJEYYs7cYovEo,12RiLPpKYkvZ2svh7v8tEVyYScGUv1e73j,3FPGzLmsr2RWp6muUUDv5ofVXT5i5GnYXB,bc1qp7jfeutlkugty5y8mgxmvhrcryt8w7glflp7pj
SvXiKeYbjSByk7y2qWHbcS,True,OK,5546ea0a6a975dcebc71681640768b7eb3529c3ba020ff57248b05fa105b4a38,5JTqsK26qumdfun8Z7EjvABQoVT25phXyMYZVnwDWGckttz7QYH,Kz5Uh4XrnsuzrjxCLiXeRdWx4CZqnHXuhjgJS5kJCBvpjpNmxwYv,1BJunpSzchBg8GMTi3xjsdifM8g5KmpigP,19paUuuWrmyPGcqR1q9nLewDxjKK6F24nv,3GUMBBrQbkj2bsJ2E7t6tLyvBDhRYTWoRi,bc1qvrqgz4tgdsntza84uafqkm75dak3z0ppc7k7hq
SkbV3YuBj54A92ZWarNR3n,True,OK,1beda4334b7aac245451c0e90cb2c9cf11ee02dd4f40e727dc2851437447b3da,5J2ayLS5pmG1zo8nicY75rDQNkKaVMXDrc1ad11YT88n1d4V5g2,Kx9zwemiHpMHQ6dNnfrHrQDkAzCzp9aPjwXZPu3PpJVKfUvDL5HD,1KWfS2KphRnexqfLnaBjp2oJ8RtJNSrVMh,1HiPPcUMkbUnz35BGg27sL5GfvmvDkZAYV,38aWeEmZNUbhBZy38yQxPiDDyPNyzQFLbZ,bc1qka2ur5ph4205wc7txtfdn5cuyqdl3vr62huscp
S259aNF5mZnEdeAc4CaX7j,True,OK,4f9d974e83e608b234699f67711423302250ef79fd7bae0acf4d55c566037d0e,5JRMFjjp6iTK2oJYABvA11TTomARhwNGgujGCUftCr1gqd8FuhP,KytUQ3dxtDy8awNQXZBcj31oKPvc3gxtF9jY5f8d1HL2qUNMjDiW,1EQDHuA3Y2nEQkSEg8qBTpwfnB4Ej7mxBZ,13TL4SGAEi1Codbu56wPsNRx5dNgYwnvmN,38CY42rSVbehweR8UuiPq58gJEtCNMZrAJ,bc1qrt40na4efxr6u9pme7xq7rp7p5pvx7ylfst3af
SHGwLrKSaLWAWHci3BNGf1,True,OK,ae5d15a6afe34b323854ff2406f4ee5ce22f50a6a69b21abd0df5070eb96239b,5K95TyhaSPcGiRutrCQ7fqYsgFWUCGMcJfGPjPNwhK9aX4D5tUb,L34ei5G6b4ngMrxTr9K2SRHggF352imxpwtwL5mrQw6rwDZWfcsV,1DJxz3UNcCjNjTtLu3KQxNAfAUrkBKFSje,1Bcfb5RNbauV1WxLWxzeZSiLgHzPtXHkPr,3CooBi4jNc2PUBbdPGz3HcRG8FPsj9dhmu,bc1qw3cqwxsr27lldmzvjyysxynepzkxwyx7lqs74t
SbmVhYUz29w2QouprhCqwU,True,OK,6fab2bca23553516c41bd023e9c2e7b1bbce8dd2b74b3720f6153d5267f1fa07,5JfU1MgVExaJCpy3tN2XVLG5RphtdHSqEHuvSToC3npv9Md9cmM,KzxnCaHHecHxwCiPjhoja41YYZZUs9b1sfeasPGsmKGVZWvPCnKk,1M6Mpxc99cQtHMSCzr4ErcV1ENeCjGHhT5,13exn614qKDyHYVpAop3jufCde7dgxR9Mg,3PqYarHiduqoXUm4CW4jePokQiSg7ZgeSe,bc1qr50r8e4l6lc6xvcrd3sj66dpqsu5hnr820d4zs
S81zwiY1RVU1QVJxMreXDE,True,OK,2217f1bcef1970421ccf6201f71f6ca96c99e9e2c10b6566b78aa23b59d4f101,5J5JTLzYfiv5GuzJs66LU7n9mRK4z5zj7uatr278d93CcNSKBLL,KxMz3HEzmv1FsEswr5UYvgvHh4Jkay3nuV6bqMt4eWUiExbQK9jG,1b3kz135M4t2QAEpvNmLzMEsyhgj9XrZt,1HNAuKkBeHSSHRG2Ui2sYMwXZyBDiVghMg,35zfkqd2TAUSAxqZYeJ91HMMmAW5RMywz7,bc1qkwpsxlzpzpa3ql0z7aum6rrazx78s0dn2hk2px
SQTWe1uuyeTAFmkPARWR6S,True,OK,5b0b33a48aa522ce85ddba9070a3a6dccbed503866db3c1b1524c11952d0e9f0,5JWPAw8uS7SJCnGScjKewkcyUwpp8EwidQZ6qztdmwyj7zjxEbr,KzGgrqwtRqQevzoA4hoLUfXnJLz2zxYWjgxgoGWuKPfNuPQgNDA3,1CR7KSo75mVoCob8ErnP7nDUp3ZQSVn3kX,1vBWn1wxeXyMWCTB6Hj23C3BS1jJTkiL6,3DLti33BeJxFkjVJgidSmDbBfpDNDjdUvR,bc1qpg8dyatgyn4h3e0wf5jyx34zge0ddntu62w080
S3Rh1KPVdxgCXc73foWGRT,True,OK,cb692ebbca38e15ed4424229028bfe43150cd21b528b062483bee6d3476c6bf0,5KMsSRb8g3jG7t1EkWtFNLnMoU5mdLXk18PB4qtdXpRjWREe2t5,L437dDXesM3XjN83h4uCRCKCp6Y3yPCgoZasRxntF2LAcd6eG9bE,135p8VdbUyE7Jya6JESswNEix3T4DGgMy2,14vE7ZFWTzxD5tCASXZa9zve23uCfyQEs6,3CZJexizipaewVsArS867spn9ATxHC5xvm,bc1q9tu4ax0na3ne2jan3x42fgj0n3t0v6lj0tufk9
SF1GMvjayXUeiEyn6MZfFR,True,OK,5c1bb7dc93260da95658dc9bfd4cf1ea27d0bf87e7d9c8b7db8ee6a843e671ac,5JWrN3vBKRMeX7jMJtxZ2swv8fKh2QSEEQvWNQrpHLo5inGLtAh,KzJksusiYJW8bvhvdzLCPHsPWp9VfCSMQCbAdWJsh8NPpx8x9T9k,1MxWqPGzHGTboeeoyWvbMSLxe6qBKg24rc,1HX8EtUaqsVpCvBSu54bVZwwncBqEFrZte,3AaBDMK9mEXF2nxu3GNAEQfxB5VccYL8Ty,bc1qk56g3kw6zy8gnt63yll9f7zjel57gx6dwhycq5
SyDBTMptnii4uxtGu47MpY,True,OK,fe80fdc23c3fefe01f146f2433614995994528f276bb58de0867c56842cd547a,5KkNYMKgDu6aNmaH7nUtBwsCPngbJiCYtcVuMgjvfdvGa2W62wQ,L5kS5NhS7vwcK5jt8wk4wKAZHadkRAqykoga6JQTsXx7iJ3x9jRs,1DTh45pUj65EV4ju5ZPFnzqkRG8xnZiMVo,1LoDXsgWBFingmGuc1MsZK43SVK2qbrmor,32QLh1TCCYqgUEVEu9EzU1qXySiD6eM3zd,bc1qmynlcnkfeud5rvezzayl45l3w7z3gssfh2gag2
S8Voq6hFbLBJFev8g8bDBu,True,OK,92612020dd9355a0e0f97a075221d60f642534314269efb3e7cf3949c2107d78,5JvkeTrZwPJNxrRVLLEv8mZudpvmLX1Jfq1TBSJjBVmBBDjyKct,L28FeMXnP3RhwX964KvRXHiFKYYJh9SLzNtzZ4hFBKwyurjdMw8R,16v2MCEqAw3ufFVu1krzh9zW1i4xZprw5D,1GMy8j1tSKAiTAzJeNHLH55iwcQfNHDrc,3QfvN7vAWzmJoAPSNYNMywS7g79BhKpgZ7,bc1qqtnmuyhfpdkd83x9dz5u659sz7qxaka00xycap
SjvYQDRfFxndZkA4hdpUdg,True,OK,70bb18f1f82598009825fd146187813c16d55ec7c05dde9bdb4b43a7c864233c,5Jfw94PibihEeFVSHRPLs1WJrZwBQWBzGsCSm7EeMBbZWSQgx3K,KzzqxZyGcF2bDQxWbUdcfjEMonN8vjqVo2ZWhgXDr5mYUnrWXv2X,15LauvHiWMt3ErQoVrF8A2mrSjQoZJ6LCg,1LXnpwspfNmXVz9PyVCjpShsNz1FguQ2un,3H43c6zXXwsX5nsMM6jucf4JW6z5fAyqhF,bc1q6c737aekzyyx636nh8zvlmpwu7srffz8rdlj5u
SRPdeHfz4LaMbuHCNNoeQ1,True,OK,68587102ea04a6a438e6df60db4b6a022f92de0e371e06cf2366820ecd254372,5JcEwrdzvu1dd8KWr4MsumWSRtaQqXNcr61cnSfK6GCxtwdpa2B,KziYZ86JgtZneTJijXq9huSwEreUDB4RDf7iwaG6rE7oi79jzeyG,1AVsy31dRe26K6zzuXLizrjxBNnxhTdSR6,1AujmzvhAhyEfqqC7aX3v5keqcKUSDvxgU,3GAhgjyAbBh2JRBCQ8VhmdkW46v2jtVk36,bc1qdje8sv7xmqyw8zkvms8gexlp4tdalq6ll0radk
Sy587H3UzV1eGgvFtmGLeT,True,OK,37418306939ada566aceb7841adea13ced664fc07d1745b445937c46b55e806e,5JEd25haP9ySv7WFHumfPcYUw2EC8YmqwcDFSdvva9snKnYQSJ1,Ky57ymk6Lnc9PRi65dv8SosxHSRE8KEw22R4kA11TLB93oYFVnr8,1HyBZbiwUT9LgEfYD1tF7EQXSXbgLcNuYn,1AJ2D7bDJ3zxoYKB8jVdAdNnb5NCD2kt77,3AXiHbrktE4MQZjuV8jd7KkowPiUvEfq3b,bc1qvhcnvekdh5htmgchtag5qszgtll7z2s20kfdeu
SmYphQWFvyGV7Uxeq3g5xc,True,OK,57999c0b7954267b37ed9e821b9b245a1ba03a7503fde542b495bbd8337f6b6a,5JUsCxEUjM2KWpB5suavESmrDdYdEfmBGFYVSRx3iv8TRby6XBu,Kz9zbknVPuNpibDWXh6hxLkxEkJawL5zJKBzXF7y21VudQEkrMSg,1C94L1DAPkMEb99ZWi1mVs5EzHVyLkh1NG,1JBQizbXDVRgjkLVgq6Mv4KtbhjRLThYBe,3FSfDtVmB9i8Vb7rczLwDjMxQt8nhrcYQb,bc1qh3ep5rycte2lktzddhtxdyjptpv223j978jtap
SEo6npaVHhW3hBGHhk2pfv,True,OK,8cb6813b78b9d52481d6d7db0aaad92c3a0ce0d91594fe0daea3590333e69f18,5JtFuP44DoaCKj8vEDJWVi1cqD8qRNV5Rxa9dZcK3viZdN7iH4Z,L1wEnCLVDWZWyeywwKJHBi1j9nZaiZpvZAHK6Nvrfv6T1Fxr6RD5,1333FAjBizwHYCtXqQtZPqt6uzfM7KxsSV,1HTkUSsHFhZXZqA6zTb7mbGUFwaK5HMk1T,39ZQ9cdWJGqtLYvGJwAHUYcpmD5TefU6dy,bc1qkjg3mld3pps4sgdxs0gvzru629zwdml7swqvqr
SDYQv9JjfDxtsuA8VZXJyn,True,OK,e77aada20ca79b18e6e9653c0113892d60b7f885f1c91a8aa31da318407e55cd,5KaEQaQn62akcv7wbWbi6KxcgzQezX2Yrn39sZn4a8pxw4E5kvi,L4ygB4Tx1ByyXXTdyKeCNWgUXWPQgsXqchnWABftmFYhs8M1N9eG,1CxeoNrhFaPXyKg5EK8vCkJeyPNWxfWKSm,1GaoUV8YXCXeqaLEqxtC27HvHeq2N4c1ZT,3G5bab4xQ4nvxfXEpLGrYk31XcRfyCP13R,bc1q4thxsm5xcxcmj7747as5fzneknr8u33jllewzf
SFC8L76kfTTjHfxJFQbM7N,True,OK,a8b5cb3efbfe8472683bfb9e7500d833af809548b6d7d642c41f31d663f042ad,5K6b4AfCbra5xV7peGxdjPpwJKr1ZjRCrneEQkZQUwZnRCj4oFD,L2sfJydcCqo2su77HXSZ87kafUBKVUDqLkTLBqG2eKqhTSH3pL6S,15hYpAgupZuLrHLWbfaurH5H1KbSJgphwy,1L5iSj6TrscSbtYYwNioU7NECfVmzcnkaA,3QM6vLvtZPgvL826RnCVoqUvAVGjVyLpcQ,bc1q6982v2tcxa9k0d20j02ys98587mzhcmmugua0c
SSzxsvdDE9q3DavBhJ3Bqn,True,OK,fbe4de01a7771023a43a7dcdf8510e89fecafe387d16e9e55c649050fffdde30,5KjDsm4KK1KqGGMixV4HGaZjFvPjqkEPaDo4iEBrhtNQzSrCrJ4,L5fMq3TdpUS82NnUBtqUom9TWrfN69p6ddUKNyCvPTjWtYeFM8mz,1KJS2PLCYBMLDVMF9NmVhhrXqm72ku8jkz,1DsEqncXX4Fwng1DY5NTZPxm7n1erkvcGy,3GAypqyTm8tHtWo9t7uHpnnPwfsQVRCWtp,bc1q35saez6n6uzrgxfk5eaydhs7vm00m59mjh8mav
SSzxsvdDFSUCxPdBhJ3Bqn,True,OK,e88de97180aeffad2b0868ce5694feca5f475ddb31c0ceafc30f16a7b69ff1ab,5KahsREK7NxQcPU1kyYDCjnBJGkF4F2GzKXy3t2z4k8yKPMYsK5,L51mPXwkw9uZDCAEM6YkropQTEVs3JtdZzogPiFksXQBa5VpSytV,1Jf2qbCwM2pM6mPYcfvvqJx95A7RKKnNV5,1AwoVXRASQD5HyZqkCyZsA8SvATb85oTBX,32DkTr44eKFQXXnFUVtR1NXCvEZND8vjZd,bc1qd5txw39yau5g8skwnyarkvze5ddd69ytw6m2c6
SzhWtkwSnPcZMozThaARMv,True,OK,0c1f3cf97c4cd04c271b9d9c454adf54a9962ba4b306099d032090b0e1be83e8,5HudDrE9ifEaVc5o34djp4WNg1fCoFUVT5S75Hq3xB9MiTSctrm,KwdGsiH3UskvqFrAC739xiUefBud58tLa6ZoowH62XmtRfktS4Fr,19qRAgTkn3qA5nrvMRsxXhYGWqivGoKH6T,1DvdspECg8Sc4K18jQQrpLqmhES5BCRRzU,3D9oMbcjaioA4wsG1HFNMSURbZzA8hKM6B,bc1q3hr9dpm7cnvqd2f54rs65r6mg9dgmg2pc036z4
SKgK5X4SHDBQnjjZEEEdNw,True,OK,f7e73d230cc0e67a18597292b299de80bf6360f483d803cd5333883ed33bdd51,5KhTwMecdVdhDqKNWgEwPRWYXh1FhRe6xqoBLmEbxMBb4RRAyGx,L5Xbtv92G5NxXeG5wzCX3yBQATa7sRkmKUNpeEF3HJ5jKtCdz4R3,18fsdu4VWbzgvDQBRtTpUnjBJewjgPp6Qz,17SVyBHHNSWaTDR4sjH2Boa3NV9f44qC1E,3P5Zf9AxYpFmhPuem9wsmZy5GhZ3WPYRS8,bc1qg634tch6p5qqw8kthz8fu4qyt5zftstqrqfeql
S9tZaYhGsDyXEFjZz4Ld9e,True,OK,23d94617d23d62bd2eaa9a0986b22c4f55a59ff58e268b9ab52d69ad839ea980,5J65HimdN4bh3oELSVJZqwEPSxp7oNoY3jnAGs5CanK1A4c1B4q,KxRPvoMyVxt7mM3roVvXxzN65bLy1hEQ35pKw21Y86zTgzraU1F2,16skMayh6qPRKiPPBQb6Gezeg2YwccJ3YY,17Ds38HGecUDp8hhDtZZGcLMFpETGtg2bR,3PphSZ7QiruUq6EMYyzzkD2bwzBULSbCqi,bc1qgslc83v5atdunupel07amy9cy0rpusmd3lsrvh
ShjLQ1Q33xSDZTizH6Uhzs,True,OK,b2c3721b4444de646ea7423bd27d731e651812ae67bc8354f319f984a361b80d,5KB1rVfffkDgaigg3Npma5sW9tqZG6WEEJwCExP6PWbiLmL7xNe,L3DCmTXfg1kyhpz7KVKqj2VugFoKPdJ1PkACcbSWnMeDUCJYGQtG,1G77z9CHtvq9Qw4nfVo4XkshjJYzvopR4d,1F1c5R2JdkLmUMsMSUKCBYswz5AHawzkZe,3HCoGYDZhAmKLsUt4pnQGTLuYKKynG8rrz,bc1qnxhs4qg55rdqqgxjctel985gadrn30xmrl4z3x
STRGQBf824i3HWtCJShZpM,True,OK,6f8aaa9ce1df42cc17523c4a50b51bd85551c498964db9464f3d8f7f8fc0c067,5JfQmFCbUzbm5B4coZbJM4hGTZUf1g6znGn74qJXSS35ProD6ze,KzxXtHgBCZERXRQy2WrPZZJjEEM4mybU2pe5mvCMMFWAPTtvJWC7,1ELo74z7jx1LmoKW22nEJCa39M8c2rG5eq,14C7RoRTZER1MTRaAXgk1sg2Rz3SMd7qYk,3QP6A5PsSjwWqppmFywDtx67G3b531W8EH,bc1qyvp9rqa8uddgcxyzzhcdj6y5p22w0mya4aa5c3
S65KeQYM8CK9UiT5Ta9xNk,True,OK,f2f8c1e0d523036d6fcbada96a4bc8f0537268f116de1c60387a0d8840a03703,5KfHy5ar6r17qyWK2ZS285Yn1uzifxyLkdkSspsMPjaESjSm11X,L5N1tXEPioHXDAQNZt9RxF5Fh2ukvz3gBbCmDLHF1LugLZwdqEmu,1HnSJPxhCkkfsXvfscvacAAvurnTuetwav,1Gbe38yiqDfns35dGrT99acjx5MhD1fipw,3Pu2Bi7PjGgZ5XhCfpagSsG7Abpy9ktVVz,bc1q4vt0y059l3s8yujcp3jfzf6nm0y277aksc743u
S4G4Sd1c4dbpkwSYoPizg5,True,OK,5ecaad1ae942b86a5b27b686a02f65e37ff481ae45b65b0103e23ee533d59641,5JY2udykNF3ntr3wMkrb2CUQcNu8faUrB4gPp3XX7XKnhtiYpUH,KzPyRLDUQm1KZqVxvcZsAHdyD9f6qGmv3REsge9hunqvj2RZbh5P,176Ha6dh8mLRULqsYd6kUB6ZJ64hWfXeyc,12XuHeRk7E7zLDJCdcuMd8vC5T7xYuGAX7,3Q95WiRahBD5Edvfe1ZXeu1wQYNsvnoZGy,bc1qzrgyq605tgcxt3yfjfwfdm49nk5cuscgaunytz
SJZWFepgykW5AdufQ3NKaY,True,OK,0550875e616ee0e510238bf61e8108ece1088e46a16cb545dafc49d02ca42120,5HrdLP38QHCmk4EyqAG6FftbV3VqxworgpWGjoh72Kbha1BTeNz,KwQ3NYGPfkWxV3JhqZscBkejCn2K7vupJkgCTw61aq6A4Cy7SPCC,1GNEi2vUumzGT3p9F7MHCyD8BPZX7CYDye,1Q57kZPMyHYBYUgwd8FHuqQ4jWs4ZR3C7f,3Bvh1szB9VfRf4PB3CFDDn5y4ubAAJbYEG,bc1ql5frz0ys0tajqxnvxym43z26y6754d5mev3at4
SvQSoDuDG9QyRnxjgFL7qd,True,OK,e3e1da12e07fc3ea36bb5dc1e3efca82bc289662d38fb66f2339f3c12e1efaec,5KYeXYALYVhn8UDyNH6wmD8JF6pdD52DQm3NHq4EbQYpHr1m4Vp,L4rgdnYDG1gzByAFnv5Ei8XD7EhCpGkMmsPSyH7GzrwRjEofNWuX,12Gx2khXKzpGhboL8nY3qGWDSGJEPDZbs5,16WvAYCJcGjNrWguKGyB8hR617NkjJky2n,36oPKkGmCiEzJDtg35BSAFKV8NcFxUkiB6,bc1q8jq3y0wyjc6nagm6fj7wddshdpl05xpm556vxh
StqwnqyHphpL4qTwAP27cB,True,OK,8a7c216a890a3bbbdc99e43e6c0c0f36d2b8d6acd774eb83c77daf148c628144,5JsGzVS6zgHUkHTabh9iFgaqm9PzrLuBD25PXefjNur4WV2oTnS,L1ruakVoTaPjU3eKJ8DT5oiNDr4WLnqJ43kNSHFx3iFYUvZZQMFB,14chHabFvVKXQHuZ54YKM6JyPSjrASuyhv,1JNj87VKRXEP9we6NZ6CBS6dd6N6HZV7Sk,3D8vtKXpNGVdyBSv85KCz3TPbR6Uy2nYjr,bc1qh6tqjfr6djd75cghtlfp7l64wne6xfu0g39z02
Se7qwcMN4JEfzwahmMr2nt,True,OK,47cfc6d625dff4d215cfcae912895132c91336fba462c0811181f77b826e13fd,5JMuuv7uKvzbkh87Gtq6BgNdQyJnUyzqUdk25Vr2nMKwNewpAdE,KydJYZTTxZKEPr6Nh9mFt8nTioXVkWaGxyAskrKQsAiaz8yL2h7u,1PCHv8RTMmBdt2dpxs9RarxZcFpeWreba8,1DeEuy2tVKSZzmFbou4GYDg6a5ZM61inpF,34sue1TAMu3xHpzYPK4j4RuD1GAWbP1tdD,bc1q32kg88ux9ne3tljyfht9w3hzhy9vfs6kw36kqd
SbWZW5PMXsQqCiqtKoqrwC,True,OK,7b8b28b701f6e206364ddf3c7f363a69afd2aef56a88714686b399c4320113fb,5JkhLUvTGPgG8z7aUko5fjVk7HWfB9JwYbau67df4hAtb5RLdsp,L1Ms2zEvvw6HpF62mWJPbxZsGjsuVmgBkTecuaGo1JJegzZZPUGF,1FkLSogEfv4VEX6b3PNKWFGyuz8PLfKyMT,16Kusbygsw1yfzMA7ZrWonqbKLbP2jwMt4,3APLQDiGvFuTi562F5hwaNwGeH4sS2iTHZ,bc1q8fkyql67fv3lrfpzfuyp2hp05dstmn9kdvrkrr
SkP2ktV4SWs16uxd91oHQM,True,OK,a0215c7af9a92b8480e0d068a35d3b6529889b69d675cd0ef45d10eea5fe52ea,5K2ottt5JRQ7un6EwmS1DScmvjnueaFhxbWFxwQ1TEjC4L633FY,L2ayz3zRyth3Vx28Yj7Mwv4uJBsdNqmunPJ93u6YzobDode3sXL7,16JE3bn55CFDLa7bkztChArhFFoFfQYAgZ,1MuDdQdd793wwEcm4da259q2dzNPsLk4mL,3JefqXSPphb9Wg26yMGn3KmK6b6TCnvzv6,bc1qu4p2l5r87ltcne6n3yx798n46ehjwnt9z83duz
ShiWDh7muJrqH2HGpP3ncP,True,OK,13437a2d954e4a63e0c4dfc39ac13558af5b67296bca2d31f760c0dedf5e0f6c,5HxmeJH4Jcj13hmPGvcvkenyRUeC5fZSypfV9DyaPjFGYaYp2K9,KwsA3dFsakgPCvvuKHfaFfov3319ubCDfoNsDJGiPKTycJ6BzG4H,1GvemZaHf8Ae3TAUJXvecFEuHaDHNsUTXZ,1MwxEN9vCxJ8pWmX8mxRmfwrS93Qwy4pAa,3KWpizw6mEU9re421nMHAbqnFXeQSjYRea,bc1quhr3fecxcml98uw6flsvw90dn6e8u3w5g2k5fh
Sdb4VW9tFwjTYUaXJ5ioyv,True,OK,4edd55aa5dc98dbceee231588b6774c7f255778d479fb1ba0d6d5594bd761a6c,5JR2572JsaME7gxEAMUPu6xbMVdfCfQkRBGBvQqCt5M61tWE2dt,Kys1j7amtECGtXLm6HMv4yJNdTNocUXpdiJ3CkBmSSBf8bR1X9Gz,13TzU3X2LXKQHbgUbQwkTo2FevE93bVii3,115VCbNnRj9king7eqw6dZ7Bu45cA6TZ6d,3N91Ch3PUVppcuHrEZ45qqts4UruVdVjtF,bc1qqrvngv7umh9te5m8ftx3l9ukkw25he8h3mk8zu
Sdbeip3tFwjTYUaXJ5ioyv,True,OK,453e954a2ae1ff1d2da9b49099125fe44cd2a987661a698a8668ffafd1a238bd,5JLnLan9dHvAZDWtXY2m5ooNkMKSddgiUUiNQ8s16qsTs7Rspxy,KyYK7S6H5BffBCEvRmxmaDZgzLgQ8gvJ4HKbT7hhSnhjZo4DXbaT,1G4RZX7tUcX1WsBv7xpjrfHDPLrDvFrqmZ,15LM56pteMjJU4q96ZyvPepkHYkwXxeX8d,37fpd9fNWrwKeGrbZM81xqBaLi7WA3tgBd,bc1q97yjjxllnhaka4xdmecxuvem078a0y0j42yets
SvjCR53GELA99Hwb427S94,True,OK,95e2a7af99e11a00b1f0292fba48a477847b8fc58a7966de57e31eac8726ca13,5JxJCgHJ4SsQeK77aFufFkZ6q5WHqzDcTmurtemhc8ovZfFbajz,L2F4vYNvJDBVMguz1noRr7EgjCtHMDYfXBEKCyiJE5U7R82Dw54D,1Lb2ntBiHKgSyTGd64JBC3C1Y7b7nC9RHF,1FajG7K5846faeyKfGxpQWp8PbgMb86cJu,3DaN3P6tM5o6F9HjRWWmLYfRDT5P3EurPC,bc1qnlev84htatpltmm4py7m925lr4j4kynw0ymreu
S5cqvH8DF158iyCT6CEtYf,True,OK,ac43dcbfd9930d4448dbef5635eed90a8cdc56e4b71537f6f4454bcd2ad0fe2d,5K89rwsWvVLXgiZxfvcKqn6z5fJJS4fMUzoJVNFPmrHEAdM12Xv,L2za7TBy565CSJUUiocvAJ5Qwa3MwdAHQa7NCCnXWxWd7QT6aWqc,1EVj3p4R4gvj6eKNjjAhcQwgqEnfMtp7zY,1EFTzCYyszGEGnDG88jNdAsxFfgmQ9xg4R,32dsQxd6VfkKhJJsQ2jX4kPKTfSbW6CwMR,bc1qj92lcn74dxqx0tskc3rx9wsf4uvnfjue9gchh9
SN5J5ZUoogaEgKMqtkz3vV,True,OK,860900223bdacc41d4e177759e7393f64f81e8c58e376c2170538daba0c34fc8,5JqKL5Udd6ykQCkTLzSiq37sxjsJvd5h9FXRJ112WTxU6aVcASh,L1iFuCkxeMPUZQroHEYXd2MMw2D47gFiBR7GE317f3ypbaG3pbj9,1KHJLhP5KZASuLb1VyUFv26vD42715NuQm,1CHBdbWjkRVRnUYLJao6MJUhPCc3LoPVYn,3Qwp1MnxFZD3MofG87SaVPp5u9dqVKggLo,bc1q0wuwnn9sn0fsreusgr5u8j3y70p75jfdjuwk6r
S9XmesDqTLY1AqSS9ePB19,True,OK,0a0c390920295669e540070833fadf8bdf3082042f828d49e654892ad207e3c4,5HtiEjoMHDfvxrgVDEpF2EmdCahZ17W85qpACcXmX4mrxrsXGUi,KwZF1duaWavqBYHHX1yWtTmxn7jzFVhYGNT9cFpoVhf1XPA1TwWi,1CDAoLtdHwjNr4vpoEbZHcYWGY43YX1qUQ,1QL9DkotRf8b6MF1XtQotiKwKHLbHVuhaN,31yiFYc66QczY67B9pMbEw5NVC6RzS69Eg,bc1qll56smcrd3z92m5pvrjj8qw2yuyuz86lhg6877
Szmv8GckMPzF341GkTTJKc,True,OK,f70a10b59c725d5e20f8729ebb99fd2303480e87bec663d17b0c99e91c5788a2,5Kh5sNcsbDGjvXME3q9mnhnfRiv8fPVBE2pxh3zi4AfdAcsU9mL,L5VvVLRLJ1AUTExGbVXigj2Yc81WpSFN8X4gonDiCyfUd75iHU9F,13SgGrngzfd5GokX45UqTnLinX9hvitie7,1KaJeKLVtgxXzekDa4snd2vqecHy52JczK,3Kec5SXGeTkTnKS5crNHCTpQgvGtVawY4C,bc1qewltsq6dlumz7k69mllh7g5j0z3xmtdh9ugkkw
SWsHmnUE5YjadvKn45QEqJ,True,OK,c617fdcfd27cce36f7d65adb34d31112d1538a23aabd6e70aa49a460b15e5222,5KKXctgwVdcDhdmquS6Ro68XAYku825Uk8BfZbVuNknwEUoC3Ax,L3rn9R9HXNaT4MJvrRkxSReC99Am3ykmTLi5CsGaB2HkNKMcnjL1,1JN2ADj6Fv7Jeha7W3HuLmYnnia5cbhgXM,1Euhj1TJB7qwYjDrNGFQKYMULFScREwsS8,3NStWyBBjEXpVGV4NJ5KW4Z4AK6uMjAK44,bc1qnzg599ky3hrhetea27dgcyrx3sfsrf44xspfh0
S7J27RNFjgKskCpWZGgJou,True,OK,191319f102ba8f398dfc473c42cd793cd52765f8648c3ad3ebf5f97973d15654,5J1L5Xd6H1iFftPZQNp2Mcn8UJMM1Vn8M5ALLrkZoper5D3aehf,Kx4TCzAJHg95kdpa2BGYyzvByVaoKC2BRbNCNebHofL3bVPYqZRK,13mZfm2aApPxzbCYJzrhwDpHk3ntXgDPcj,18TU7xAUYYg2Q42NMq5NLAtfGPWMd1xfgh,3LYjfNVSh7LvsAJwcQvEfqVzmAsrzp9vV1,bc1q2899tqg3kk9wxs2ht2262ckd2kp7pa20kmsqk0
SkyfcHCn6UiBHiksZUausi,True,OK,7efe4638e907a7bc41c8530bedb9c47a7d93f09055a79a9c7dde9d460f3e0f20,5JnDTH4fzm3JNS6GZxEkyuqb9e1qtb1uBYrqsX2zD5tM8CnFFXm,L1UZxyuD7wP9fbkFiSoj8CDTj8Ninh8yKZczhyZmWLZdpZWedt7L,1DgfcqcxvaSSQrW8e59HE2XToZGhdmoMyM,1LZcatvQcdP5dhVuqfQ93PfoAANvKhsY6U,37PTjzgz6tezYJXBC4Bn1Sh3k5uqmSAjfz,bc1q662k0vqvk7ewmwgyx60pzk5e4kmmtfwxhgymds
ScmHLK1ScG9NFoqP1cVLBX,True,OK,9a38218ce6b95347e06afa040cda4588176756fa2a61d7811ca2a509327bc27b,5JzCuUbVG3eyTUFm2ZYNgTvF5pnJkYD4aPg8vy8qpSu7k7RRmVG,L2PVYcoDjQicBqJ9KtdUhBp1AHtyMAkEnP5k1CmcURK2ksPG2zZ1,16w5cuGmUME97p6umTztAPB8etsiZet1cJ,1GMdjW68JEjASQuAFb8KBB6ypFg49qgeH3,34Us2UUnQmPqyzokTXJ6ceKXZXmA9prLXN,bc1q4pcdua2gs2u9n42dny4mvshseqwfncpmq4eqmr
SysAsiAX1An2g8ZDcnkZjS,True,OK,2e06b08c1086feb9efd7cc1e563f2225d723374be71c42b7e6ec8ce630a8eca4,5JAZFsgazJaYc8Fy7DBbXZfhQFbv9KjCADC8rTnr4Lc71zSch75,KxmBNehj1vb4W334eQmmPuBoKdT7ZjfEFep9fKFMXjXwZHYNNpW1,1EqizGEkrzAyhBLhL4Zjro5ffcCQCw4QBf,1G675LXuD2mKKBLVAR6pfs6ikpew29sXZd,39v7ZBRTGBDjteKHBHdoYcAwNhSakaQGZE,bc1q5kqsnxuwgl7nlg0t89xzwreek95d6lhjadslgs
SysAsiAX1An2g8ZDcm7DnS,True,OK,27001fbc44c46c125e55ff8f39b3540ede80c241600befbeda424e9b16b314f1,5J7To9oD2jK4ErNipuVyj2PgPxoywyyZVS1whF6zD3MJSR12CJ7,KxXXGhpx6dkhJ8vscSiuNV96tMLNMgUeQVRAQdFRW9NbxuHjjjxN,17pbxqzFeWSmCnQmfCakbRNk29KW4JH297,1CsSs8kAE9HzcqygcCvDupVjk3BnYyDJR3,37E3GTdSVwUiuGJpa1yhZ6e698ne5AMnug,bc1qsgeutth38swet47uw6ml29ndapxu3lz6kw6ays
SvPdsrmHstBeBk9mS7PiVN,True,OK,99c00a5c28d0886f7d6953c8b124ffaa5c0a78c7e29e4e44f484d923387520ee,5JyzvV2tXcJ5vc6BMGwXhDmoaCj4jerbjxYkMQ2jqMXLFBo4DF8,L2Naf4jLS6nQjbsrgVMgUXNkZYkfVG5vLcB8M2eg4RaswVeqJ7zU,18PKaRBkxdNoSS4n1EM2QVToa4nETYt6qf,13m47LLXwz5LNZ4iQjVaHAeqzDp9aU4g1n,39WRWd7VVp3HJbLJs2QHcC7zKn2eCfG2ga,bc1qrezjvw2uvqrp0sx27aadvk55mhfff3q27u5tgs
SFY6HDSVbavUKV8FjxD96C,True,OK,1f647322ac6cf1eaea0056c1aeeacb7a438f9d0126807e5d47d7f90a46eabcae,5J47TWC5LwqhfeCcyEYT7oixFMoPQVYbBpFffSWftPGAfBUBiVT,KxGjVyqtB33xVZCHmCmpH3EArNojtgzRtjZjefbxdoFwdCqtdDkz,1FQ7gafmEAwd8jE64S2cbuUUMhiPPbpP3S,1Mnh9niS9DUk53cWzxPJYDL7jHEusTYTAx,3EHU949SLU3CrWnC4tByNAAKcf3Xwri7qZ,bc1qusrvqvdzzcmpkx65ss6jcqumlttunwf9sl5x8t
SSk37SZXLZQunEYMph83br,True,OK,dce721d95e39ab1ecf7eed684c078acc8d6d2b1f7ae4d599455c27c6849631f9,5KVaFNWnnRVtbKBjwba5w5biSfvmGfmaWK9dBQ4jCyvRJxrxZyn,L4d7kRxV5V8WiTGQXyb2mhJDvJpJQA7ktP74gtoTHtEnJ5v9di8z,1ELYjMdaH26kvdymbFEnUYn7YxQS7cxRGd,16uLYSCi5MonzQAU3h66UkGwVgQ5ATwepu,3DnHELaRnY7VsJ6PeVAn9azhdKazZH2uuE,bc1qgzlfyhjqrsf60yns8k448yqcy9r5rdhm0eaeg8
SQG37SZXLrgfCqPzvpzKin,True,OK,c9074cb87947e0f32bf4ec97d06449e38c2a9ee2422d837374fba00e3ad5b4db,5KLpatXugPLMWjggj4XAkkNM7YAAuvrMutPPCCotVKhE6F6B4K9,L3xV2aTRWqaRYFQALeYA46RDmrXUkcgsJRonxT7xG1WYn2ygSZW5,1NvqxGdW9Zp4HAbHrzRiUPTDkyL8M3Y9m2,15boEGGgYghHxFUGt9MqrS27zfm9nUT4st,38Etc1kE1GTq1kw2Dz5tx6byn7xboH1Txc,bc1qxf6ncn7gyhnqa9t0rq4xzzzda6nl68dcxphv73
STNoY38BUzfbmB3sPHQbVw,True,OK,7ae9deec5005cb3cc6b73743733036e80d363c03a5ea09b17fe95ee29b795a18,5JkRF4y8SVExY287ijoeXuDh1EG878ai7Wr7w3qjr5gSXBC12ta,L1Le16WjqVec7uxQfDvtfPV1a1XkN4TnTkjobZY87df5eBdRgfvd,1AcEgV9y38mVNvmcHREVGio2UAP1emRMjf,1Ng9sirq3pcbm5VJGbPMYtxjkZ13WvPoao,3755tezWjeur4rkCDLpUkK8rMmGGDzcWew,bc1qahpytfzk098x2lxx9v3l6x46qrueeecmer7al6
St5S1BvzLXfSdgxcXKnmMt,True,OK,bcb0520cef64703967ee25fcb21956ae7c73aae5d0fb2c6d5bb890a85ea51d13,5KFPP8kgn5bZnngUNYJqi1R5Xmi2DcAt4prTVpjWnB7MpnMeoJU,L3YVnhDpZyHZj6dDp5BjyzqGzpL4NeEcPtDHxDgeSPd4ujWsyEs8,1PYxoo2H9xK5YQi4LUp8AMtDYuMjCX1dWR,12LdXaeWKCRGneo85mbNnwFYVe9PcKNpAh,37aqE3ztFK1qTQGbdbN6aaYRsv2F67XTVt,bc1qp6hg20f334ksayrgkpfe5rn9vauf9zlragssg5
SVdzpwL2eP6NbtyWMnU5FX,True,OK,42969b6ad78fbe9eef86ee22a5dd4752306c46b8aa892c3b267ac77d22fd4acd,5JKcVQGNdpgoPNQdckPQXr4bpBED9nvnHzqL2dYPUP9Hmr8YMTS,KyT9eMgrVXUfjjVJcnVts9YtfE9JdoiNv2GJzCHYBrjb2j4v5bBu,1D4XBe8xbsV5bpSCUfA6MfAyhoodfuABfp,1JGGMLKkuPyys6bhyajTSGzZmppswZ9Atc,3PuUwkL5eHZqnh3EP51Wg2D7d4iqwYkqDM,bc1qh4wnz9mz9dxx8xkzfhlwhpywz2ja409pnfsr0t
SrXsVBKaEBi4KnacZSzF7W,True,OK,8f81ff6acee31ad4edb0def0a002f1c91591495fe2ab1e7bbb8c0fcecaadd577,5JuVJ78y6kmYsNukenL1vhPAvpyqxwzJT6nbqwgkEisEU7zMWKH,L22ftW6AcQBdfMhqfm4w61Erpamu7whv2CYGo2NRqZniSFLupScw,12AYaEng5y4sU83a57KjwFKQfwcXonyJwY,13f7eSyvoWn68wS4Gw1mNbUVzinjQgdSvH,37vvs3Lx2nYTd37mN6KcnUrxCZnW8wg8qT,bc1qr5jekzncrw2vswfjreekyl7ccdw0z3dxesuu9x
S2NWP4yPHhzJK1FyqW8onH,True,OK,f351ea42ce5536043169ac1b470cae622be87244b8200aec408fdec388219796,5KfSs4EsXsy4ypisSESZbzktEFDHVKNdDi45pQQtDUWcW43d6Li,L5Nh9wJE3HxUZodocNKpuTvh7TjDmz6Ss6CcGELR44RhhCzebopu,1Q6LT94MwdVE4rkX1S4QXsCt6MAh8oEkwe,12edvwG7UsZybgXPznLwq2oDdHH6bXbeGM,3BFP8odDSbRKec7ecQqiuDoj1KqX6fU5xx,bc1qzgt9szhnlm3c6asuqnuend0zlddkpsngu9gxte
SToqxh4Ra8B1mujhLyzNMz,True,OK,0b1a5fef426869a6fd3a458a2dc3e21232387a12b48ab05f2b38ea9fd5dc70a5,5HuBCAuKo8stms3FqyG8LokLYzgsbB9iw9dtAH6kTB89NecCBST,KwbHzJhwxdmdX1rxX9KmQRLHJDczHqoW617nox4NnXgXxWjRqkpk,13Xwdb8NBrYoMsaC15QQAabXaBmV5WtjzQ,1PRUJvVi9SVuXHboSRZF66AbH4kRW5rhTG,33tELEtoiUGaPxHPb35cRAkSNkqCUNFxW6,bc1q7hechahrq3gh6lp9jv5pww9pd3r5kxz93588v3
Ssf2fw73B9bXP5nNWQrov8,True,OK,c205a162d8903e88173ef52df421f02b73c9a3b8a3e618e0471b9681d51daebe,5KHjcWApbujQ7gz21rDzgxz9GJ8UtbJveJgQdFdzPLvUeX6SFjS,L3is5hkM75k92XUfUkGMdQ7DUWc26iS7mf2wH1cGHcw32Ed1k2WS,15LRJUpoKYEx9igvmsvgRHXSk7LUKqXmJx,1LpgyoWmquhtHFSZSba76M2bQmGqQpXxmX,3Ah3GSP5cca3iPmVmuphEUgjiuXnHbbZQo,bc1qm9h4qtqremgnkhg82pg37qnmdrcmclq2u3gjfg
SLnnsjFhGQRcUg3vVHgxUQ,True,OK,0438b4030c11f727f573475542725f494ff8b84524ce8747598894eed8ed2a8d,5Hr9QxsmxRP5TNn6Yz9UhikidxSXL2k2GhbcT23XH9a2N3M1T8P,KwMv8md7RccSfR83WBERGjHxn7herzgtcJBmTqc8eGpm1ZXbZCeT,16fd62A7RSM49Z2J25XxwwY3Y9tTNBBVcS,18z8xmw5MdMqrhYDZMv3tzPyfbcheFQfRP,3AiJPox8GeMN8ejJPD8XDWn9PHNL8rzXny,bc1q27tneqgkzf8md2ad2gvqsa5ujm9km6ecyn6xje
SnrXTTDjsYKxNqtxZCzpM2,True,OK,baabeabc28425a59c08e3f6f9ddd4472daaf78150fd10239234b6584c300c35b,5KEVravP2MwUQ5yZQpJeKF5ezF6v9TMzGVFnNHmfiingEvTKMNd,L3UaMricD1RRvtxe47nshX9YffF7aKMdmMiFEy29u9ScC2jHrJT6,1FMd86H6Hyfu1PHRKe8k8Wy1G3iwX7xG4H,1NBLxK7ra4zu7jQ2ju7NbqyTX2iJHiGFzb,39kaiqixEnZ6B3JnipHorUJ3stug5c4Wm7,bc1qap8h2gjhfz8was8kf683f9w8w4sqsawskj02uc
SjgQ6SCM28NoyuFHyqAdX4,True,OK,8902378b19a973bc2e4e28d6beced7727d0e2e202181815ea3e315693246c46f,5JrdHR78AYdsrVwckzd7tgbXW4yY9faBaXwKngNSkGZq1gvYWkR,L1p39TQ2d8dmTUk4qBLRR7mPdJYYVFFTh1Ymvcmedyhtubymff46,17uqjva2ZXfexW7g5Avpx2LVppSk2FeTuH,1KqZnfatKpAz6iM59aAZCHMq26KSRgFJ93,3PDAT2x6U2wmWLf3KnVWfQq2wMBdkvW4rj,bc1qe6senz0pejg3yfkpwfl0flcyumffww0llpcdkz
S3ptiEicF1utQL88EhuSNr,True,OK,5ac2995efd2c34dc0664369bbb51dcbe2a01e72587bf2148aaf8506cf94fddd0,5JWFvmNFw4odUCaxA2QqVKz4cYi8yLtsfnc1ydS2eaoUTx6ZhKY,KzG8tJppudnoy48rSqED22nrwtxaBgoxeCHZJwoUGtC8DfwtUZao,1GREgNAR9rM2BtEy5KQj2FCLUrZdfpvVzN,1K1rf6f7nqKF3mk8jjhRoaDocN25xZmwy5,3Q4EJJrGvvfmypSXMpGi5wUQYQsQ2hNKtV,bc1qckdmwtchjk7vyfz8sef8lfw39l8skx5vgz70y4
SkpjYUiVtPA4sh4twm5Eyt,True,OK,4700480a90ae33ca8c94618fba1b68406c54026436b57783492d46c5b0d89d1c,5JMZD6KtNZcFDu9q91QbUBFtsxYeQ1zF1UpoKJa4aVo198jidGh,KybjANWMkAvZmwByULo98xGjyvAg4bMeq7oyRnYvnr63cgvkThkz,1GN3u35SqZ9UgwhGBunmg1cNL97TG4918Y,1PG52a7QNKZU6HeBBXhhoprw8xRSa7ZUVF,3LiYHoySWbGBriU9jfSn1PvTzaGKrkQpob,bc1q7sk9ujvkq6f4eqxaq8uw0m6meuuru5smc3ez5k
SjW8UJkRXk6t4uJPcnHspC,True,OK,64aba567d72b6b775e2a8f116b1182d522874613f97b273ccd770c36367792bb,5Jad5FdEiCP2cVGBKTVKAGt8XnTfKtWTcfaJtf41wFXoVXwL7pY,KzbQDmYwWqEE7djzYTuy9w6gEsegANM2URG1xzxK8T8xCXPMjKbp,16JqbScpnZjacGTkCubvBJHyz58PYxgHV8,1LdBVCe1tXKE3d8q71VcrghvtKRo9Su1ty,3ELjoJ4NtrZG4KkYCrCV2vv6tPJZuEzcPN,bc1q6appuv6wg0536s02xk0rrpkh0fl94sksvfrwgr
SK8dacGrLwuvS2Pjnf7QEL,True,OK,1de17d98a5739e477781a3f6a74ddc32b64cbcce116151fc097c7c772105e82b,5J3Sr5dZoQQ12asCtUec7iT1aATPiYbU7Tz2dEdvaqodWADQigs,KxDo5dSPmpGX7zUbUD2yzdwoXNjVGNT8fY6iAwByWNQp7WgcuLTN,136vq8HGHTzVkZwpKresm4hJptUcdoUMa4,1L2TfFPhP1BnAaWQ13NnWVfmh8YoD1mgyb,37r8MdKsSmqqx82cAAED46sH2ct96S7wuC,bc1q6zcs7hhtpefd8v8mrpere9cwmsyrav8uxnekrl
Sz44s3m1jr4grF3nHAs6eX,True,OK,534e55af4db95c3b7d95d9eba7b2f67db328fe77b45891718c41adc6d36e7bc5,5JSyXC3fx4mhP5M9AF6fEN6pMUNit6sUtCCy4sj7Gbu8L6rWWCF,Kz1eUFknv3eHESBu1oDyjz8g1MpsrYup4xTpU6trfs35M6CgfXvK,1NAtmxfvBYqmDHHo45JHPkcKmw6o1CUjRN,1PjsYXoNPyrxHMQoM1BJuQyTmnkYKkTvQN,323AGV9u25PN997RSQXcdcFYFnnaEqvNbr,bc1ql9hxm6tgl5s3r4f5mza354xqdesss6antakzcv
S7i2wb96Wp5J7tX36Ghyig,True,OK,c56ee17dadc9cdef1a4c784d7fafc2ce79e39b9809b9280403f64afcad03dcb5,5KKEkD5WmYSSezj9DVNiE45R78b13x6gJW9Ab4mVLeYSXjBVJtK,L3qVfiJvPbmJEho1G8EpxcaVQ4V5E2C4UFd3KMdN5ihmgKnrexFj,14fLwFY3Md7qnoiQqchwyYEZ2uPK22HSLP,1NiApMAiugTtzVPhDBnZGrdtVHeUhTksKe,3NfSuVfmBdmXw2qQoqEAAYxPHaBm4WjTN5,bc1qac378cv3y7q6ywwz20y869rz3ggkngjz6xxwft
SQn7fPgBSB3geo7SAhtBy3,True,OK,10671fc05ad7cbc484cbac9d89ade751d3aa3f36f6da8bf6d2e64ddbfabfbc17,5HwWZzs6AyWiyLdJ7XUrZbvuPBt61Bh1K9ajhfsVqPWRDzvWx68,KwmbWeQ5q2SCFfdCXoXwkuAvCw2V5pBaP6suUWZtGaLqvHtsqDac,1MpMnAc4gawwb81svAcJKDnhha8LpFhTqM,1J4HMixitBa5Q23ruPZivkAyzBrimibczb,3Ke1bFJL3M9LwhXViBzW6CtpYYvwF1AuGg,bc1qhvvs5eyw06r5rew4ckxcsynpczwtzsmhyzqfq9
SBjUL2nM9145dpHZy7N9Uz,True,OK,7f1cf5f83789b75e65bf045c7b43e164a087d030c63ab1df2374ab35c1cc2a92,5JnGWsHdvgqVNCMZvUrMDYnoYmFQv2kxKJiGFu2Cgj2WYbfi2mR,L1UoUpxRyxq2CZ7nK3vpEPKATCJcZ4m19oB8LkcJaLVfQRgLsA7L,1G2xToucSmb2gpF1yLRyN34ZLJjXryX8Xk,17tALHiU5b5EiWKc5iF4QjsBnKYfApjTAv,3Mc4LFXB38KFkN18TmAA49c2qn279bWiT3,bc1qfd7uykv9suj0dfpg6evx6pf7seuqk5332kj8h5
Sn4U26agqB1GhCcXyMA61w,True,OK,5d064d7f8943a9f43f89a7ef0580f63723540b7dc97349bcae5e14a15169a9a0,5JXFmeUD3hR2UkyJSmtRuZqdDZtLT6bjJsCh47TNbtdfzNoswdV,KzLYC4P6AuP3XX5Vzm7zw1wcrU9arBiHjrabnjVQLzts69q5KjZD,12JfJQWHc3L8pMrqvDpmjocGP6hcj8gwFc,1BhqERe1sFugNCGCinYND7GYBfQDiQ5xtS,3FES5DwunuZpBDg3x3FspwKahbLtTvRdfv,bc1qw44zsmytnrm6eyngzd3a045gffq6njp3dal2j0
S4bS8yQwWbGu6arhwUwsd3,True,OK,acb1a0879d1ff4fbda86988a33e66155a0d3fb324ae351b438ca067a1c89ae88,5K8LpBUNVHrJKzLB74Rhu7BuJzJ2spdhmVV3mz4UtQkuNPX8jqp,L31QTFDoqsNbUp3dbk83WzK7tPtBHKEzwNioFYrN5urn9LdtTT4Y,1N2djPkzAMPdj8cPWV9uBQSkiWr5NxjBEp,1MHQtRz6VS8rEYQZKBRyvMqguUX4yLXtKp,3KFKtAHF3sQHCahPJ3soMP6YD6nQrgWXKs,bc1qme73c4mp74m4gmkrmvy4kcf4rcjsx9ajhxkahy
Sh8NJ6p5ExJTyCG9epxFfh,True,OK,73eb37b1648bc3510a4a05ca6803cb6df40167302589d5eec512d79da5a9ef1d,5JhLa8xwchHKtYU2ZGeHA6utaDmkVKgvzkef1JwSryc6HHySAAw,L173PG9v4Yo4NVtHsS3YKB6SddNWx1VFKufCkNBK9aqtJRV3Ls6n,1PqovTUWTfN6YJpKhW98iFZHkVz1Qd9SSY,1FNpXEcQfADTNp32V8SdkbPfs5n9ywLcUU,3HSLstPUGfc8j9Hh1e22QmRBC6KsJ1wkty,bc1qnkez5wd67mymja9mwfh9lwu7x525t0652hdtg0
SkfMDmKAKT5MPtBfVwN7pv,True,OK,c0e9b4e26d8b0f3a5353db922503a7df0966ee4809f954646c90f60b624cd258,5KHFHNQDoXBwriZoJq13dBXiqWDDnsEcyQfLWcvR4LuAv7StJc6,L3gi3FTVWLFK8STmPgsCahUbf5vwTSj7mySD7jYmBkqGm4NtHdPC,1FPhYFsfHacTgqCERw1qfmuTtFcFm2UWkg,17cFvgFNESyRq2DKvpdpjazkronHMAkYg1,34zvzGDCdmsnijHf9K1BbFeEuYqhh3GGvU,bc1qfpauts6hv9k83qeslspx57np08gmpptuqdpf2e
SCJLMxipoNaQMBRVCUSiay,True,OK,64ce986bac70c178baffcf59c74c368a871ac8f01eefeae9ae87781d864588a9,5JagZWgoNXKQYNPK1BsATQSmNPRAosfgvP47ckjUctc51P99dqv,KzbfcW2ffzpEuTPUTpxQjYUiqPwgHtdmCcLkCp2UuQmngSid49u9,1DV5zCVEFyUiQo4buiDsuNwhg1d8t1o8DX,1M4XGPEYoyMiwwy3o3U6rNUP6nBJ9BnFua,34DQfuVZmeKu5qTwafsg1H64AMwuMZ8ucv,bc1qmsxsw9uy0aa35tjhmstj2elr7392e3tmnfgrz6
SCJLMxipoNaQMBRVCnSiay,True,OK,cf7d307088350064d28b2c7057841e30f229c337310324cd194db1eea4dc1a1b,5KPfcLUjK2GmstaFbaQbeqBJZpuN14S6H5k3feLBHdZgxyC8zJY,L4B3QxyPkYcd5cdmRcT9wyeUXtS7hG9kHyvzmZmeQQPHPaNgMRCC,16FbRHGWUd21vWA7hcRDYwBQNEKPUm6fD2,1gL6y7NUoxUEQbfW86pHuobeAGMqQLa1n,33Ur2yManWfFLvpvBDbMfnMvsv6xo3qPMX,bc1qqaczkd3mucr5hjh22fh2vqjy3pjd3hjntd327v
